"zip_code","Population","MedianIncome","city","state","latitude","longitude"
89010,368,35000,"Dyer","NV",37.751707,-118.08592
89019,1843,37632,"Jean","NV",35.801952,-115.57819
89060,9831,40726,"Pahrump","NV",36.264185,-116.038857
89061,4938,55096,"Pahrump","NV",36.119299,-115.938992
89439,1563,59275,"Verdi","CA",39.523693,-120.03012
90001,56314,34050,"Los Angeles","CA",33.972914,-118.24878
90002,50098,30214,"Los Angeles","CA",33.948315,-118.24845
90003,66913,30016,"Los Angeles","CA",33.962714,-118.276
90004,63547,38493,"Los Angeles","CA",34.07711,-118.30755
90005,38638,31214,"Los Angeles","CA",34.058911,-118.30848
90006,61419,31403,"Los Angeles","CA",34.048351,-118.2943
90007,43779,22646,"Los Angeles","CA",34.026448,-118.2829
90008,33012,36180,"Los Angeles","CA",34.009754,-118.33705
90010,3792,47308,"Los Angeles","CA",34.062709,-118.31481
90011,102926,29889,"Los Angeles","CA",34.007063,-118.25868
90012,30029,29492,"Los Angeles","CA",34.061611,-118.23944
90013,10575,21120,"Los Angeles","CA",34.044662,-118.24255
90014,6659,17134,"Los Angeles","CA",34.042912,-118.25193
90015,18226,28953,"Los Angeles","CA",34.038993,-118.26516
90016,47786,38050,"Los Angeles","CA",34.029711,-118.35255
90017,23719,21009,"Los Angeles","CA",34.052561,-118.26434
90018,48852,32104,"Los Angeles","CA",34.029112,-118.3183
90019,67606,43244,"Los Angeles","CA",34.048411,-118.34015
90020,39102,37121,"Los Angeles","CA",34.06646,-118.30863
90021,2913,12748,"Los Angeles","CA",34.029313,-118.24182
90022,69516,39051,"Los Angeles","CA",34.023662,-118.15581
90023,45886,37082,"Los Angeles","CA",34.023039,-118.20231
90024,50117,59125,"Los Angeles","CA",34.063209,-118.43643
90025,45284,71278,"Los Angeles","CA",34.045006,-118.44527
90026,67986,46435,"Los Angeles","CA",34.07851,-118.26596
90027,46025,50316,"Los Angeles","CA",34.111208,-118.28842
90028,29994,31742,"Los Angeles","CA",34.098859,-118.32745
90029,40161,35253,"Los Angeles","CA",34.090259,-118.29455
90031,39333,34656,"Los Angeles","CA",34.07871,-118.2161
90032,47309,45208,"Los Angeles","CA",34.08166,-118.17568
90033,48567,27190,"Los Angeles","CA",34.050411,-118.21195
90034,58968,56743,"Los Angeles","CA",34.03056,-118.39804
90035,31399,75327,"Los Angeles","CA",34.05266,-118.38531
90036,36425,71049,"Los Angeles","CA",34.07036,-118.34926
90037,61536,26638,"Los Angeles","CA",34.002063,-118.28737
90038,28798,33850,"Los Angeles","CA",34.089459,-118.3285
90039,27843,67170,"Los Angeles","CA",34.110425,-118.25832
90040,12830,44531,"Los Angeles","CA",33.997492,-118.15284
90041,28439,64545,"Los Angeles","CA",34.137557,-118.20765
90042,61034,51427,"Los Angeles","CA",34.114558,-118.19233
90043,43118,38738,"Los Angeles","CA",33.987463,-118.334
90044,88412,28344,"Los Angeles","CA",33.953814,-118.29158
90045,41453,78082,"Los Angeles","CA",33.960041,-118.3949
90046,51329,56337,"Los Angeles","CA",34.098908,-118.36241
90047,46999,40528,"Los Angeles","CA",33.958464,-118.30998
90048,22409,72913,"Los Angeles","CA",34.073759,-118.37376
90049,35262,116732,"Los Angeles","CA",34.067409,-118.47528
90056,8380,76688,"Los Angeles","CA",33.986212,-118.37099
90057,45747,26940,"Los Angeles","CA",34.061911,-118.27687
90058,2748,15988,"Los Angeles","CA",34.000219,-118.22605
90059,42470,33678,"Los Angeles","CA",33.927471,-118.24778
90061,28641,34566,"Los Angeles","CA",33.923365,-118.27591
90062,32675,32067,"Los Angeles","CA",34.003213,-118.3078
90063,54353,39206,"Los Angeles","CA",34.045161,-118.1865
90064,25788,86573,"Los Angeles","CA",34.03457,-118.42843
90065,46254,52794,"Los Angeles","CA",34.107559,-118.22663
90066,58337,68346,"Los Angeles","CA",34.002011,-118.43083
90067,2364,89500,"Los Angeles","CA",34.056709,-118.41183
90068,21943,73373,"Los Angeles","CA",34.122058,-118.3379
90069,20426,78607,"West Hollywood","CA",34.090975,-118.3813
90071,0,0,"Los Angeles","CA",34.052709,-118.2559
90073,801,0,"Los Angeles","CA",33.786594,-118.298662
90077,8328,172443,"Los Angeles","CA",34.101007,-118.45077
90079,0,0,"Los Angeles","CA",33.786594,-118.298662
90089,3326,10625,"Los Angeles","CA",33.786594,-118.298662
90094,6062,96010,"Los Angeles","CA",33.786594,-118.298662
90095,0,0,"Los Angeles","CA",33.786594,-118.298662
90201,102515,37013,"Bell","CA",33.972814,-118.17385
90210,21478,138750,"Beverly Hills","CA",34.088808,-118.40612
90211,8080,69942,"Beverly Hills","CA",34.066009,-118.38271
90212,12415,84516,"Beverly Hills","CA",34.060859,-118.40191
90220,50222,45474,"Compton","CA",33.890566,-118.23666
90221,53657,42753,"Compton","CA",33.893265,-118.204
90222,32362,40056,"Compton","CA",33.910716,-118.23624
90230,33090,73786,"Culver City","CA",33.997179,-118.40145
90232,15353,71316,"Culver City","CA",34.021611,-118.39168
90240,26287,71939,"Downey","CA",33.958363,-118.11987
90241,43596,56059,"Downey","CA",33.942289,-118.12901
90242,43199,57095,"Downey","CA",33.92018,-118.14291
90245,16839,84004,"El Segundo","CA",33.921313,-118.40843
90247,47374,42968,"Gardena","CA",33.891265,-118.2975
90248,9936,51956,"Gardena","CA",33.870466,-118.28813
90249,27451,50996,"Gardena","CA",33.899265,-118.319
90250,95223,45766,"Hawthorne","CA",33.914614,-118.35092
90254,19725,105029,"Hermosa Beach","CA",33.866314,-118.39968
90255,76206,35985,"Huntington Park","CA",33.978404,-118.21773
90260,35854,51769,"Lawndale","CA",33.888364,-118.35355
90262,70650,42057,"Lynwood","CA",33.924642,-118.20186
90263,1987,0,"Malibu","CA",34.035087,-118.70752
90265,17660,124814,"Malibu","CA",34.051056,-118.80768
90266,35534,142071,"Manhattan Beach","CA",33.88898,-118.40535
90270,27663,36450,"Maywood","CA",33.988813,-118.18642
90272,23497,157938,"Pacific Palisades","CA",34.050505,-118.53374
90274,25482,156250,"Palos Verdes Peninsula","CA",33.784099,-118.38752
90275,42420,120742,"Rancho Palos Verdes","CA",33.758216,-118.36425
90277,34546,99398,"Redondo Beach","CA",33.828815,-118.38322
90278,40839,104934,"Redondo Beach","CA",33.871214,-118.37177
90280,95515,43526,"South Gate","CA",33.944264,-118.1949
90290,6902,106750,"Topanga","CA",34.101447,-118.59933
90291,27803,81025,"Venice","CA",33.992411,-118.46531
90292,21507,103319,"Marina Del Rey","CA",33.976373,-118.45458
90293,11997,84588,"Playa Del Rey","CA",33.957012,-118.44167
90301,36714,37813,"Inglewood","CA",33.955913,-118.35868
90302,30219,41187,"Inglewood","CA",33.975263,-118.35558
90303,26453,40807,"Inglewood","CA",33.934164,-118.33255
90304,26936,36778,"Inglewood","CA",33.936163,-118.36076
90305,15501,62558,"Inglewood","CA",33.960263,-118.3252
90401,7035,60802,"Santa Monica","CA",34.01491,-118.4922
90402,11503,131607,"Santa Monica","CA",34.036759,-118.50121
90403,25116,72366,"Santa Monica","CA",34.032159,-118.49022
90404,21641,65035,"Santa Monica","CA",34.026959,-118.47432
90405,28535,78756,"Santa Monica","CA",34.009276,-118.47286
90501,43407,59878,"Torrance","CA",33.828766,-118.31367
90502,17135,62533,"Torrance","CA",33.833416,-118.29198
90503,45518,77047,"Torrance","CA",33.840264,-118.35587
90504,32777,75180,"Torrance","CA",33.870414,-118.33065
90505,37381,82313,"Torrance","CA",33.810848,-118.35096
90506,0,0,"Torrance","CA",33.786594,-118.298662
90601,34143,70841,"Whittier","CA",34.002333,-118.03562
90602,26676,47622,"Whittier","CA",33.967562,-118.03384
90603,20475,87251,"Whittier","CA",33.941363,-117.99477
90604,39541,65640,"Whittier","CA",33.929163,-118.009
90605,42103,66706,"Whittier","CA",33.945413,-118.03362
90606,32978,63833,"Whittier","CA",33.978312,-118.06778
90620,45992,80278,"Buena Park","CA",33.841014,-118.00969
90621,35478,56219,"Buena Park","CA",33.875714,-117.99404
90623,15767,83767,"La Palma","CA",33.849327,-118.04395
90630,48844,84051,"Cypress","CA",33.817481,-118.0399
90631,68899,66553,"La Habra","CA",33.934513,-117.95159
90638,49543,79858,"La Mirada","CA",33.90213,-118.00966
90640,63400,47436,"Montebello","CA",34.014212,-118.11358
90650,106521,60523,"Norwalk","CA",33.906914,-118.08339
90660,63686,56607,"Pico Rivera","CA",33.989013,-118.08912
90670,15594,51935,"Santa Fe Springs","CA",33.933551,-118.06821
90680,30770,47796,"Stanton","CA",33.803565,-117.99596
90701,16698,60544,"Artesia","CA",33.867215,-118.08062
90703,50069,90613,"Cerritos","CA",33.868314,-118.06754
90704,3952,55882,"Avalon","CA",33.368642,-118.40835
90706,77455,49360,"Bellflower","CA",33.888165,-118.1276
90710,27550,54630,"Harbor City","CA",33.797317,-118.30065
90712,32015,78175,"Lakewood","CA",33.851965,-118.1468
90713,28411,87095,"Lakewood","CA",33.847265,-118.11337
90715,20283,64701,"Lakewood","CA",33.840965,-118.07775
90716,14358,39055,"Hawaiian Gardens","CA",33.828565,-118.07364
90717,21612,56245,"Lomita","CA",33.793384,-118.31611
90720,22325,95631,"Los Alamitos","CA",33.794028,-118.07218
90723,54813,43784,"Paramount","CA",33.899915,-118.16231
90731,62348,49786,"San Pedro","CA",33.732368,-118.28905
90732,19810,84537,"San Pedro","CA",33.736718,-118.31123
90740,24288,53677,"Seal Beach","CA",33.759283,-118.08239
90742,842,88971,"Sunset Beach","CA",33.718167,-118.07179
90743,330,106458,"Surfside","CA",33.72975,-118.0863
90744,58061,41578,"Wilmington","CA",33.784018,-118.25897
90745,57727,71757,"Carson","CA",33.823765,-118.2668
90746,26738,75031,"Carson","CA",33.857416,-118.25633
90747,0,0,"Carson","CA",33.867138,-118.253825
90802,38816,44984,"Long Beach","CA",33.769018,-118.19225
90803,30805,72025,"Long Beach","CA",33.761117,-118.12986
90804,40679,44629,"Long Beach","CA",33.783467,-118.15182
90805,94561,45197,"Long Beach","CA",33.865916,-118.18362
90806,43140,43785,"Long Beach","CA",33.801767,-118.1858
90807,33726,72276,"Long Beach","CA",33.828366,-118.18235
90808,39834,96824,"Long Beach","CA",33.823316,-118.11329
90810,36736,49087,"Long Beach","CA",33.816217,-118.21495
90813,60017,31215,"Long Beach","CA",33.781011,-118.19197
90814,18789,55111,"Long Beach","CA",33.771167,-118.14482
90815,40572,79525,"Long Beach","CA",33.795049,-118.11824
90822,169,0,"Long Beach","CA",33.776094,-118.11848
90831,0,0,"Long Beach","CA",33.767817,-118.199401
91001,37481,85655,"Altadena","CA",34.192102,-118.14206
91006,32392,84021,"Arcadia","CA",34.134057,-118.02662
91007,34198,72255,"Arcadia","CA",34.126957,-118.05216
91010,25797,60118,"Duarte","CA",34.137707,-117.96569
91011,20671,152210,"La Canada Flintridge","CA",34.211171,-118.19776
91016,42235,72168,"Monrovia","CA",34.140806,-118.00184
91020,9249,67652,"Montrose","CA",34.211494,-118.23104
91024,11060,90780,"Sierra Madre","CA",34.164806,-118.0509
91030,25914,80479,"South Pasadena","CA",34.112958,-118.15577
91040,20017,70830,"Sunland","CA",34.261221,-118.31887
91042,28126,57640,"Tujunga","CA",34.256952,-118.28453
91046,168,17981,"Verdugo City","CA",33.786594,-118.298662
91101,21098,58365,"Pasadena","CA",34.146607,-118.1391
91103,27684,59099,"Pasadena","CA",34.166706,-118.159
91104,38421,70811,"Pasadena","CA",34.169356,-118.12392
91105,11373,108882,"Pasadena","CA",34.137857,-118.16329
91106,24861,72192,"Pasadena","CA",34.142557,-118.12715
91107,31828,84761,"Pasadena","CA",34.151066,-118.08974
91108,13613,120152,"San Marino","CA",34.122658,-118.11296
91201,22985,50526,"Glendale","CA",34.17013,-118.29158
91202,23007,63111,"Glendale","CA",34.166567,-118.26994
91203,13740,44724,"Glendale","CA",34.152757,-118.2658
91204,16292,39753,"Glendale","CA",34.135259,-118.25948
91205,38138,37414,"Glendale","CA",34.138514,-118.243
91206,33706,52077,"Glendale","CA",34.156674,-118.22937
91207,10334,88929,"Glendale","CA",34.165373,-118.24532
91208,16548,88955,"Glendale","CA",34.189605,-118.22857
91210,614,157879,"Glendale","CA",33.786594,-118.298662
91214,31078,89849,"La Crescenta","CA",34.232003,-118.24753
91301,26439,109913,"Agoura Hills","CA",34.139536,-118.7607
91302,25165,121715,"Calabasas","CA",34.133513,-118.66464
91303,27827,46187,"Canoga Park","CA",34.198204,-118.60206
91304,53517,58361,"Canoga Park","CA",34.218654,-118.62538
91306,48707,60959,"Winnetka","CA",34.209407,-118.57735
91307,25597,98655,"West Hills","CA",34.197737,-118.64797
91311,37769,80279,"Chatsworth","CA",34.259052,-118.59426
91316,28190,62016,"Encino","CA",34.168753,-118.51636
91320,44958,106365,"Newbury Park","CA",34.175038,-118.93956
91321,34576,57654,"Newhall","CA",34.377782,-118.51489
91324,29178,58993,"Northridge","CA",34.240353,-118.55038
91325,32823,57883,"Northridge","CA",34.235055,-118.51766
91326,36024,98831,"Northridge","CA",34.276154,-118.54581
91330,2708,0,"Northridge","CA",33.786594,-118.298662
91331,102367,51345,"Pacoima","CA",34.254751,-118.42406
91335,77952,51398,"Reseda","CA",34.200104,-118.54099
91340,35455,55217,"San Fernando","CA",34.284935,-118.43821
91342,91701,60899,"Sylmar","CA",34.307877,-118.42904
91343,61976,55238,"North Hills","CA",34.239503,-118.48224
91344,53165,77247,"Granada Hills","CA",34.277648,-118.50047
91345,18196,60148,"Mission Hills","CA",34.264635,-118.45961
91350,35826,97921,"Santa Clarita","CA",34.481172,-118.42821
91351,32433,70858,"Canyon Country","CA",34.424794,-118.44513
91352,46874,49088,"Sun Valley","CA",34.224089,-118.37563
91354,29034,111098,"Valencia","CA",34.445313,-118.55252
91355,33635,89596,"Valencia","CA",34.406519,-118.56214
91356,29847,69148,"Tarzana","CA",34.164255,-118.54472
91360,44208,91617,"Thousand Oaks","CA",34.208837,-118.87348
91361,20266,103306,"Westlake Village","CA",34.14348,-118.85608
91362,35564,100747,"Thousand Oaks","CA",34.190804,-118.83704
91364,26975,93919,"Woodland Hills","CA",34.158214,-118.60061
91367,42029,77152,"Woodland Hills","CA",34.176238,-118.61992
91371,0,0,"Woodland Hills","CA",33.786594,-118.298662
91377,14512,117326,"Oak Park","CA",34.182875,-118.76893
91381,20296,114608,"Stevenson Ranch","CA",34.384663,-118.58704
91384,28949,102273,"Castaic","CA",34.478797,-118.65255
91387,42518,82076,"Santa Clarita","CA",34.421537,-118.419181
91390,19691,105659,"Santa Clarita","CA",34.490004,-118.300826
91401,40503,48994,"Van Nuys","CA",34.176505,-118.43308
91402,70781,39009,"Panorama City","CA",34.223753,-118.44322
91403,24353,75334,"Sherman Oaks","CA",34.152513,-118.46396
91405,53406,38162,"Van Nuys","CA",34.199704,-118.44724
91406,53528,50381,"Van Nuys","CA",34.201491,-118.49376
91411,24146,43758,"Van Nuys","CA",34.178305,-118.45858
91423,32130,75671,"Sherman Oaks","CA",34.153628,-118.43222
91436,14563,128060,"Encino","CA",34.155625,-118.48925
91501,19829,62500,"Burbank","CA",34.186755,-118.30153
91502,12605,40208,"Burbank","CA",34.177606,-118.30954
91504,25544,71296,"Burbank","CA",34.201254,-118.32993
91505,31133,77679,"Burbank","CA",34.166906,-118.34366
91506,18428,70408,"Burbank","CA",34.169663,-118.32364
91601,38781,47202,"North Hollywood","CA",34.168206,-118.37246
91602,18315,63544,"North Hollywood","CA",34.152476,-118.36841
91604,29072,90528,"Studio City","CA",34.143856,-118.39429
91605,56060,43707,"North Hollywood","CA",34.208142,-118.4011
91606,45467,42195,"North Hollywood","CA",34.185698,-118.38836
91607,29591,52274,"Valley Village","CA",34.165706,-118.39986
91608,0,0,"Universal City","CA",34.139397,-118.35034
91701,40822,76994,"Alta Loma","CA",34.131659,-117.5924
91702,60475,54769,"Azusa","CA",34.128907,-117.90309
91706,77692,51234,"Baldwin Park","CA",34.087108,-117.96966
91708,3447,118750,"Chino","CA",34.839964,-115.967051
91709,76187,97609,"Chino Hills","CA",33.975267,-117.72305
91710,83042,71825,"Chino","CA",34.015963,-117.68737
91711,36484,89508,"Claremont","CA",34.110009,-117.71973
91722,36352,63740,"Covina","CA",34.097708,-117.90698
91723,20010,60532,"Covina","CA",34.085809,-117.88694
91724,25405,75420,"Covina","CA",34.088771,-117.85817
91730,66979,61952,"Rancho Cucamonga","CA",34.104555,-117.58734
91731,29209,36955,"El Monte","CA",34.076642,-118.03942
91732,63849,41485,"El Monte","CA",34.070659,-118.01383
91733,43790,40930,"South El Monte","CA",34.05051,-118.04834
91737,24759,98407,"Alta Loma","CA",34.147849,-117.57847
91739,38009,100049,"Rancho Cucamonga","CA",34.127819,-117.5246
91740,26324,67048,"Glendora","CA",34.119245,-117.8548
91741,25678,81250,"Glendora","CA",34.140207,-117.85704
91744,87096,57789,"La Puente","CA",34.029561,-117.93975
91745,55237,76447,"Hacienda Heights","CA",34.000578,-117.96943
91746,29420,59502,"La Puente","CA",34.046889,-117.98464
91748,47859,60896,"Rowland Heights","CA",33.985012,-117.89705
91750,33969,76912,"La Verne","CA",34.117047,-117.77097
91752,28649,62372,"Mira Loma","CA",34.001846,-117.52759
91754,33622,56767,"Monterey Park","CA",34.048207,-118.14161
91755,27305,52517,"Monterey Park","CA",34.05471,-118.11823
91759,369,46250,"Mt Baldy","CA",34.231581,-117.66106
91761,59892,61270,"Ontario","CA",34.036085,-117.6086
91762,56148,50707,"Ontario","CA",34.057561,-117.66563
91763,37432,49056,"Montclair","CA",34.07041,-117.69938
91764,54078,51060,"Ontario","CA",34.077327,-117.6222
91765,47562,90966,"Diamond Bar","CA",34.004172,-117.81673
91766,71851,48896,"Pomona","CA",34.045584,-117.75305
91767,49027,49206,"Pomona","CA",34.080143,-117.73861
91768,36454,47177,"Pomona","CA",34.06521,-117.77932
91770,63119,47078,"Rosemead","CA",34.066143,-118.08475
91773,33869,78501,"San Dimas","CA",34.103341,-117.81814
91775,25395,84620,"San Gabriel","CA",34.114041,-118.09035
91776,37378,48302,"San Gabriel","CA",34.089059,-118.0951
91780,35274,63045,"Temple City","CA",34.101608,-118.05606
91784,26034,95975,"Upland","CA",34.138575,-117.66356
91786,52152,51105,"Upland","CA",34.101659,-117.65776
91789,43369,93509,"Walnut","CA",34.018361,-117.85438
91790,46059,66057,"West Covina","CA",34.068059,-117.93835
91791,33174,70841,"West Covina","CA",34.063645,-117.89743
91792,30102,66848,"West Covina","CA",34.020711,-117.89932
91801,53792,51225,"Alhambra","CA",34.090409,-118.127
91803,30586,56632,"Alhambra","CA",34.072959,-118.1462
91901,18184,81379,"Alpine","CA",32.823102,-116.73864
91902,19504,88926,"Bonita","CA",32.663803,-117.02456
91905,1370,63722,"Boulevard","CA",32.672239,-116.31497
91906,3644,58353,"Campo","CA",32.664307,-116.46513
91910,76797,54640,"Chula Vista","CA",32.638654,-117.06686
91911,83710,48891,"Chula Vista","CA",32.608799,-117.0607
91913,43655,84741,"Chula Vista","CA",32.642486,-116.98973
91914,16926,110343,"Chula Vista","CA",32.662563,-116.95413
91915,27290,99606,"Chula Vista","CA",32.638072,-116.95195
91916,1580,61296,"Descanso","CA",32.890384,-116.62459
91917,896,66932,"Dulzura","CA",32.616539,-116.71187
91931,331,24032,"Guatay","CA",32.852086,-116.55559
91932,26257,48117,"Imperial Beach","CA",32.579555,-117.11708
91934,293,45625,"Jacumba","CA",32.624424,-116.17025
91935,8426,93092,"Jamul","CA",32.718186,-116.82606
91941,33474,71661,"La Mesa","CA",32.761801,-117.01273
91942,39438,52354,"La Mesa","CA",32.785,-117.0186
91945,26027,52376,"Lemon Grove","CA",32.733451,-117.0337
91948,47,0,"Mount Laguna","CA",32.875267,-116.42826
91950,61262,39533,"National City","CA",32.670903,-117.09272
91962,1722,100398,"Pine Valley","CA",32.773317,-116.49139
91963,1043,39622,"Potrero","CA",32.620782,-116.60671
91977,59481,60124,"Spring Valley","CA",32.721145,-116.99612
91978,9812,66483,"Spring Valley","CA",32.732539,-116.95091
91980,631,200325,"Tecate","CA",32.588485,-116.63034
92003,4306,69205,"Bonsall","CA",33.289265,-117.20011
92004,2624,36500,"Borrego Springs","CA",33.184028,-116.26597
92007,11782,93889,"Cardiff By The Sea","CA",33.026742,-117.27816
92008,26464,66000,"Carlsbad","CA",33.158137,-117.32646
92009,43627,102212,"Carlsbad","CA",33.097841,-117.26744
92014,13525,114777,"Del Mar","CA",32.961812,-117.25967
92019,44357,74797,"El Cajon","CA",32.788736,-116.90487
92020,58305,49851,"El Cajon","CA",32.7991,-116.97334
92021,66854,50035,"El Cajon","CA",32.8201,-116.91234
92024,49226,92402,"Encinitas","CA",33.053092,-117.26855
92025,49734,45433,"Escondido","CA",33.106862,-117.07077
92026,49981,53820,"Escondido","CA",33.181543,-117.11136
92027,56892,53473,"Escondido","CA",33.142706,-117.03049
92028,48335,57223,"Fallbrook","CA",33.380359,-117.20605
92029,19528,68108,"Escondido","CA",33.087868,-117.11558
92036,2977,51667,"Julian","CA",33.02757,-116.53109
92037,39241,95306,"La Jolla","CA",32.838761,-117.26159
92040,42323,64787,"Lakeside","CA",32.873849,-116.90477
92054,42992,50568,"Oceanside","CA",33.202463,-117.36077
92055,12725,48147,"Camp Pendleton","CA",33.016928,-116.846046
92056,52758,63728,"Oceanside","CA",33.195354,-117.28232
92057,55618,64976,"Oceanside","CA",33.240926,-117.29851
92058,45685,46655,"Oceanside","CA",33.016928,-116.846046
92059,1450,66417,"Pala","CA",33.369249,-117.07236
92060,61,104125,"Palomar Mountain","CA",33.308217,-116.8471
92061,1824,68333,"Pauma Valley","CA",33.311881,-116.96499
92064,49079,96297,"Poway","CA",32.973645,-117.03701
92065,36039,77361,"Ramona","CA",33.035844,-116.8513
92066,273,43295,"Ranchita","CA",33.209313,-116.54244
92067,9020,119939,"Rancho Santa Fe","CA",33.016492,-117.20264
92069,47130,52457,"San Marcos","CA",33.144908,-117.17128
92070,1193,43333,"Santa Ysabel","CA",33.166768,-116.71061
92071,55362,74393,"Santee","CA",32.84681,-116.98983
92075,12437,90833,"Solana Beach","CA",32.997543,-117.26087
92078,45926,55530,"San Marcos","CA",33.122029,-117.15605
92082,19825,79348,"Valley Center","CA",33.261748,-117.01027
92083,36604,46073,"Vista","CA",33.179587,-117.24461
92084,48275,50401,"Vista","CA",33.213309,-117.21474
92086,1335,33375,"Warner Springs","CA",33.337152,-116.69355
92091,1433,94318,"Rancho Santa Fe","CA",32.993541,-117.21311
92101,35893,52314,"San Diego","CA",32.719601,-117.16246
92102,44893,41575,"San Diego","CA",32.714992,-117.12537
92103,31927,65793,"San Diego","CA",32.746018,-117.16715
92104,44590,48733,"San Diego","CA",32.742892,-117.12774
92105,71334,36893,"San Diego","CA",32.741256,-117.0951
92106,19539,81973,"San Diego","CA",32.7259,-117.23079
92107,26947,66825,"San Diego","CA",32.7409,-117.24434
92108,19245,65297,"San Diego","CA",32.7736,-117.13785
92109,45304,67025,"San Diego","CA",32.791246,-117.24343
92110,28006,60920,"San Diego","CA",32.766482,-117.20077
92111,47590,55635,"San Diego","CA",32.804972,-117.16871
92113,57580,28185,"San Diego","CA",32.697402,-117.12001
92114,69305,57287,"San Diego","CA",32.706954,-117.0542
92115,61718,42828,"San Diego","CA",32.7603,-117.07031
92116,32943,54966,"San Diego","CA",32.76235,-117.12246
92117,53205,65319,"San Diego","CA",32.823865,-117.19966
92118,22664,90876,"Coronado","CA",32.682727,-117.17441
92119,23926,70261,"San Diego","CA",32.80225,-117.02431
92120,25365,79895,"San Diego","CA",32.794449,-117.07221
92121,4832,103598,"San Diego","CA",32.899996,-117.20722
92122,44602,71307,"San Diego","CA",32.856447,-117.21143
92123,29240,71911,"San Diego","CA",32.803799,-117.13595
92124,30196,80625,"San Diego","CA",32.822815,-117.09844
92126,78201,85707,"San Diego","CA",32.914346,-117.14116
92127,41900,123459,"San Diego","CA",33.022384,-117.10694
92128,49264,90298,"San Diego","CA",32.998855,-117.07054
92129,54664,109267,"San Diego","CA",32.961014,-117.1251
92130,50280,131166,"San Diego","CA",32.946776,-117.21918
92131,33868,119924,"San Diego","CA",32.918035,-117.08438
92132,0,0,"San Diego","CA",32.643703,-117.138414
92134,151,0,"San Diego","CA",32.562106,-117.07166
92135,955,0,"San Diego","CA",33.016928,-116.846046
92139,37450,59679,"San Diego","CA",32.677286,-117.05241
92140,2594,0,"San Diego","CA",32.74344,-117.200412
92145,1968,228587,"San Diego","CA",32.889139,-117.100486
92147,562,0,"San Diego","CA",33.016928,-116.846046
92154,86740,60162,"San Diego","CA",32.574398,-117.05633
92155,714,0,"San Diego","CA",32.671602,-117.165665
92173,31518,35745,"San Ysidro","CA",32.556264,-117.05057
92201,63915,40024,"Indio","CA",33.715271,-116.235
92203,27466,68027,"Indio","CA",33.75307,-116.24688
92210,4839,83269,"Indian Wells","CA",33.70129,-116.34148
92211,24564,57557,"Palm Desert","CA",33.759409,-116.32317
92220,32793,39917,"Banning","CA",33.920803,-116.87897
92222,0,0,"Bard","CA",32.782242,-114.561905
92223,46719,64738,"Beaumont","CA",33.945265,-116.9759
92225,23509,43638,"Blythe","CA",33.628333,-114.61905
92227,26818,42711,"Brawley","CA",32.98975,-115.50475
92230,3297,40079,"Cabazon","CA",33.911404,-116.76834
92231,39675,34733,"Calexico","CA",32.683491,-115.48277
92233,10460,32328,"Calipatria","CA",33.131764,-115.51208
92234,52534,43170,"Cathedral City","CA",33.807761,-116.46473
92236,43037,40897,"Coachella","CA",33.679872,-116.17656
92239,428,55750,"Desert Center","CA",33.830029,-115.40124
92240,35878,35315,"Desert Hot Springs","CA",33.952303,-116.50804
92241,9156,34896,"Desert Hot Springs","CA",33.904371,-116.38634
92242,1235,26667,"Earp","CA",34.137179,-114.35823
92243,48615,42206,"El Centro","CA",32.783359,-115.57746
92249,7147,53054,"Heber","CA",32.726931,-115.51245
92250,8461,43264,"Holtville","CA",32.800259,-115.35369
92251,22348,76526,"Imperial","CA",32.853471,-115.58942
92252,9228,39409,"Joshua Tree","CA",34.175926,-116.29137
92253,38462,71697,"La Quinta","CA",33.675373,-116.29649
92254,12300,26491,"Mecca","CA",33.543836,-115.99404
92256,3631,32045,"Morongo Valley","CA",34.066626,-116.55951
92257,1757,18220,"Niland","CA",33.330929,-115.61583
92258,520,25707,"North Palm Springs","CA",33.921502,-116.56703
92259,269,21912,"Ocotillo","CA",32.722049,-115.95998
92260,32855,50309,"Palm Desert","CA",33.715672,-116.38496
92262,26693,46519,"Palm Springs","CA",33.842984,-116.54344
92264,19754,43703,"Palm Springs","CA",33.798669,-116.51887
92266,62,31296,"Palo Verde","CA",33.387467,-114.71352
92267,0,0,"Parker Dam","CA",34.286985,-114.17251
92268,605,41964,"Pioneertown","CA",34.203249,-116.56565
92270,17634,71688,"Rancho Mirage","CA",33.762944,-116.42249
92273,1228,26852,"Seeley","CA",32.792631,-115.69162
92274,18937,27890,"Thermal","CA",33.466287,-116.0688
92275,1413,19375,"Salton City","CA",33.289347,-115.9565
92276,7921,43917,"Thousand Palms","CA",33.821318,-116.38023
92277,24112,37316,"Twentynine Palms","CA",34.165696,-116.03343
92278,4156,59728,"Twentynine Palms","CA",34.360235,-116.20964
92280,15,0,"Vidal","CA",34.143497,-114.62411
92281,1960,32054,"Westmorland","CA",33.037061,-115.6194
92282,783,34063,"White Water","CA",33.941487,-116.64506
92283,2334,29511,"Winterhaven","CA",32.786759,-114.62591
92284,25045,42517,"Yucca Valley","CA",34.161795,-116.41246
92285,2731,29362,"Landers","CA",34.31039,-116.45012
92301,32667,34537,"Adelanto","CA",34.641695,-117.50803
92304,17,0,"Amboy","CA",34.548138,-115.65796
92305,321,62109,"Angelus Oaks","CA",34.172474,-116.87593
92307,38204,57124,"Apple Valley","CA",34.538622,-117.17729
92308,39953,43345,"Apple Valley","CA",34.447959,-117.19222
92309,916,36838,"Baker","CA",35.27295,-116.06504
92310,9191,49928,"Fort Irwin","CA",35.262763,-116.69452
92311,32831,45889,"Barstow","CA",34.894181,-117.03636
92313,12252,64140,"Grand Terrace","CA",34.030714,-117.31174
92314,10572,46518,"Big Bear City","CA",34.255388,-116.85442
92315,5236,41202,"Big Bear Lake","CA",34.241295,-116.90328
92316,31720,48788,"Bloomington","CA",34.064062,-117.39432
92320,8097,42212,"Calimesa","CA",33.984551,-117.03767
92321,1244,64612,"Cedar Glen","CA",34.254199,-117.17563
92322,911,37188,"Cedarpines Park","CA",34.839964,-115.967051
92324,58013,41278,"Colton","CA",34.061931,-117.31995
92325,8318,47394,"Crestline","CA",34.242567,-117.28654
92327,1202,35603,"Daggett","CA",34.866837,-116.86379
92328,281,34750,"Death Valley","CA",35.945641,-117.20296
92332,7,0,"Essex","CA",35.00224,-115.23936
92333,640,38229,"Fawnskin","CA",34.268344,-116.93842
92335,99580,43092,"Fontana","CA",34.088911,-117.45213
92336,91510,87425,"Fontana","CA",34.125147,-117.45818
92337,37844,69966,"Fontana","CA",34.046992,-117.481
92338,0,0,"Ludlow","CA",34.720285,-116.1982
92339,997,45147,"Forest Falls","CA",34.087114,-116.923
92341,294,14848,"Green Valley Lake","CA",34.241477,-117.07449
92342,6303,66775,"Helendale","CA",34.761696,-117.33444
92345,81049,42323,"Hesperia","CA",34.399992,-117.33999
92346,58845,59995,"Highland","CA",34.12716,-117.20073
92347,1554,69702,"Hinkley","CA",34.956205,-117.21994
92352,6783,72479,"Lake Arrowhead","CA",34.25629,-117.19132
92354,21555,63871,"Loma Linda","CA",34.050764,-117.25327
92356,6293,33582,"Lucerne Valley","CA",34.481229,-116.90601
92358,1127,71000,"Lytle Creek","CA",34.229288,-117.52082
92359,8298,53807,"Mentone","CA",34.083512,-117.09688
92363,5355,32710,"Needles","CA",34.808718,-114.62664
92364,30,102500,"Nipton","CA",35.46019,-115.49467
92365,1953,55169,"Newberry Springs","CA",34.896333,-116.63644
92368,1064,33125,"Oro Grande","CA",34.634147,-117.30614
92371,14729,50744,"Phelan","CA",34.453465,-117.53392
92372,5929,43036,"Pinon Hills","CA",34.44654,-117.63411
92373,34017,63948,"Redlands","CA",34.034714,-117.17305
92374,40911,66590,"Redlands","CA",34.063264,-117.16888
92376,85647,44965,"Rialto","CA",34.109511,-117.37617
92377,19750,80130,"Rialto","CA",34.151243,-117.39873
92378,166,68636,"Rimforest","CA",34.839964,-115.967051
92382,5161,66875,"Running Springs","CA",34.205626,-117.10499
92384,34,80729,"Shoshone","CA",35.947562,-116.27037
92385,269,100380,"Skyforest","CA",34.839964,-115.967051
92386,1949,34783,"Sugarloaf","CA",34.244448,-116.82962
92389,115,12000,"Tecopa","CA",35.848556,-116.22627
92391,3001,37150,"Twin Peaks","CA",34.839964,-115.967051
92392,56461,56277,"Victorville","CA",34.489466,-117.35321
92394,34479,51500,"Victorville","CA",34.55965,-117.35773
92397,4616,54000,"Wrightwood","CA",34.35876,-117.62752
92398,1165,63750,"Yermo","CA",34.909491,-116.84058
92399,54056,59302,"Yucaipa","CA",34.033564,-117.03776
92401,2104,16649,"San Bernardino","CA",34.105079,-117.29075
92404,60501,38767,"San Bernardino","CA",34.14856,-117.26298
92405,29526,37591,"San Bernardino","CA",34.141659,-117.29722
92407,60118,51702,"San Bernardino","CA",34.198189,-117.35826
92408,15318,33750,"San Bernardino","CA",34.080662,-117.27357
92410,47510,27120,"San Bernardino","CA",34.106965,-117.2975
92411,26364,32747,"San Bernardino","CA",34.12051,-117.3176
92501,22216,48610,"Riverside","CA",33.991181,-117.37074
92503,92959,55051,"Riverside","CA",33.91355,-117.46052
92504,53960,57052,"Riverside","CA",33.926315,-117.40937
92505,49064,55947,"Riverside","CA",33.921765,-117.48812
92506,45993,78116,"Riverside","CA",33.943615,-117.37239
92507,55156,41051,"Riverside","CA",33.978965,-117.33646
92508,36583,92684,"Riverside","CA",33.890313,-117.32122
92509,78221,57286,"Riverside","CA",33.998751,-117.44695
92518,1129,68261,"March Air Force Base","CA",33.891084,-117.2726
92530,51816,49552,"Lake Elsinore","CA",33.675893,-117.34946
92532,21260,87361,"Lake Elsinore","CA",33.696543,-117.3247
92536,2750,44010,"Aguanga","CA",33.485978,-116.82004
92539,3890,38853,"Anza","CA",33.55055,-116.67362
92543,34680,27163,"Hemet","CA",33.73542,-116.97401
92544,47136,42084,"Hemet","CA",33.708843,-116.90948
92545,41078,40119,"Hemet","CA",33.736743,-117.0217
92548,7020,39464,"Homeland","CA",33.749656,-117.11706
92549,2652,60625,"Idyllwild","CA",33.750795,-116.72562
92551,33050,50449,"Moreno Valley","CA",33.889035,-117.22046
92553,73803,42984,"Moreno Valley","CA",33.923243,-117.24211
92555,40419,73352,"Moreno Valley","CA",33.922823,-117.16837
92557,51871,60655,"Moreno Valley","CA",33.957957,-117.24833
92561,1600,78630,"Mountain Center","CA",33.632049,-116.55878
92562,63293,75448,"Murrieta","CA",33.568617,-117.25264
92563,57605,77105,"Murrieta","CA",33.571185,-117.15362
92567,9469,55069,"Nuevo","CA",33.819818,-117.11778
92570,56766,42698,"Perris","CA",33.784051,-117.29812
92571,54825,51116,"Perris","CA",33.822068,-117.21514
92582,16200,58262,"San Jacinto","CA",33.796153,-117.00046
92583,31167,39528,"San Jacinto","CA",33.788491,-116.95125
92584,46346,75928,"Menifee","CA",33.66035,-117.18987
92585,20148,63413,"Sun City","CA",33.742936,-117.17432
92586,19384,36394,"Sun City","CA",33.70602,-117.1974
92587,16787,68620,"Sun City","CA",33.692876,-117.25038
92590,3841,49423,"Temecula","CA",33.479467,-117.20933
92591,39767,70380,"Temecula","CA",33.52775,-117.12056
92592,74558,89541,"Temecula","CA",33.495343,-117.07657
92595,31139,61525,"Wildomar","CA",33.614385,-117.2608
92596,26044,85914,"Winchester","CA",33.653216,-117.07986
92602,23529,104149,"Irvine","CA",33.73297,-117.76932
92603,20173,120686,"Irvine","CA",33.648871,-117.764637
92604,28425,91180,"Irvine","CA",33.68762,-117.78852
92606,22294,90228,"Irvine","CA",33.695576,-117.80588
92610,11799,120984,"Foothill Ranch","CA",33.685479,-117.6669
92612,29325,67039,"Irvine","CA",33.650813,-117.81771
92614,25657,95984,"Irvine","CA",33.680408,-117.82592
92618,21345,97470,"Irvine","CA",33.659639,-117.73948
92620,43802,102160,"Irvine","CA",33.714889,-117.7633
92624,6450,71469,"Capistrano Beach","CA",33.460727,-117.66467
92625,12572,125735,"Corona Del Mar","CA",33.600172,-117.86823
92626,51575,80132,"Costa Mesa","CA",33.677224,-117.90863
92627,60806,57708,"Costa Mesa","CA",33.647028,-117.91506
92629,26955,88384,"Dana Point","CA",33.475302,-117.70327
92630,59657,84785,"Lake Forest","CA",33.640223,-117.69108
92637,16284,36737,"Laguna Woods","CA",33.61,-117.72
92646,55505,87110,"Huntington Beach","CA",33.666269,-117.9693
92647,59741,74637,"Huntington Beach","CA",33.725167,-118.00509
92648,46623,85857,"Huntington Beach","CA",33.673468,-118.00243
92649,32976,86469,"Huntington Beach","CA",33.720017,-118.04614
92651,23668,98697,"Laguna Beach","CA",33.535325,-117.77192
92653,28853,92806,"Laguna Hills","CA",33.602823,-117.71295
92655,9139,45568,"Midway City","CA",33.745166,-117.98569
92656,51370,101292,"Aliso Viejo","CA",33.581533,-117.72474
92657,9751,163486,"Newport Coast","CA",33.610717,-117.8325
92660,35308,112008,"Newport Beach","CA",33.634821,-117.87453
92661,3152,93099,"Newport Beach","CA",33.601822,-117.89966
92662,3018,82857,"Newport Beach","CA",33.606271,-117.89243
92663,22772,86967,"Newport Beach","CA",33.619221,-117.93087
92672,35041,75411,"San Clemente","CA",33.427078,-117.61401
92673,29875,125629,"San Clemente","CA",33.462927,-117.62414
92675,35596,72465,"San Juan Capistrano","CA",33.500843,-117.65866
92676,2033,84750,"Silverado","CA",33.743168,-117.63563
92677,64642,98264,"Laguna Niguel","CA",33.531938,-117.7025
92678,427,84250,"Trabuco Canyon","CA",33.673979,-117.59457
92679,32822,149538,"Trabuco Canyon","CA",33.639227,-117.58518
92683,91204,53559,"Westminster","CA",33.751418,-117.99392
92688,45074,100694,"Rancho Santa Margarita","CA",33.639994,-117.60351
92691,48129,93713,"Mission Viejo","CA",33.611272,-117.66681
92692,48967,102045,"Mission Viejo","CA",33.615462,-117.64093
92694,24568,137122,"Ladera Ranch","CA",33.570763,-117.63463
92701,52588,39060,"Santa Ana","CA",33.747017,-117.86248
92703,69890,50047,"Santa Ana","CA",33.747067,-117.90433
92704,87121,59412,"Santa Ana","CA",33.724167,-117.90623
92705,46163,82675,"Santa Ana","CA",33.762117,-117.81828
92706,36585,58500,"Santa Ana","CA",33.765916,-117.88139
92707,63595,57038,"Santa Ana","CA",33.719118,-117.87143
92708,57441,82005,"Fountain Valley","CA",33.708618,-117.95629
92780,60438,64089,"Tustin","CA",33.741651,-117.82127
92782,22583,102755,"Tustin","CA",33.739571,-117.78618
92801,63883,47672,"Anaheim","CA",33.844814,-117.95381
92802,43743,51365,"Anaheim","CA",33.806965,-117.92594
92804,85969,52408,"Anaheim","CA",33.818165,-117.97304
92805,70839,54422,"Anaheim","CA",33.835665,-117.90807
92806,39616,62828,"Anaheim","CA",33.835465,-117.87362
92807,36323,94697,"Anaheim","CA",33.850515,-117.79113
92808,20137,110964,"Anaheim","CA",33.858151,-117.73864
92821,37580,80163,"Brea","CA",33.923463,-117.89559
92823,2960,124712,"Brea","CA",33.918965,-117.83252
92831,35316,57333,"Fullerton","CA",33.878981,-117.89325
92832,25247,58853,"Fullerton","CA",33.869114,-117.92985
92833,53309,67019,"Fullerton","CA",33.874314,-117.9637
92835,23378,92397,"Fullerton","CA",33.903164,-117.91224
92840,56291,61934,"Garden Grove","CA",33.785166,-117.93406
92841,32839,53059,"Garden Grove","CA",33.786915,-117.98224
92843,44468,52536,"Garden Grove","CA",33.763033,-117.9355
92844,24314,48345,"Garden Grove","CA",33.765516,-117.9731
92845,17202,89026,"Garden Grove","CA",33.782916,-118.02619
92860,27304,85361,"Norco","CA",33.925885,-117.55978
92861,5911,150864,"Villa Park","CA",33.812662,-117.81623
92865,19715,85251,"Orange","CA",33.8318,-117.84739
92866,15473,62589,"Orange","CA",33.785091,-117.84569
92867,44569,78072,"Orange","CA",33.811566,-117.82919
92868,27353,63610,"Orange","CA",33.787266,-117.87494
92869,37390,88160,"Orange","CA",33.792687,-117.79975
92870,53474,80037,"Placentia","CA",33.883314,-117.85446
92879,48654,62677,"Corona","CA",33.8808,-117.54068
92880,61187,101303,"Corona","CA",33.903803,-117.60221
92881,32817,94196,"Corona","CA",33.839516,-117.53581
92882,70188,71793,"Corona","CA",33.866555,-117.59167
92883,31940,93917,"Corona","CA",33.771548,-117.47884
92886,48649,110054,"Yorba Linda","CA",33.888062,-117.80407
92887,20071,126984,"Yorba Linda","CA",33.883223,-117.73856
93001,32360,54945,"Ventura","CA",34.311203,-119.30164
93003,51454,69616,"Ventura","CA",34.268736,-119.2249
93004,30417,76027,"Ventura","CA",34.278812,-119.16784
93010,43234,86505,"Camarillo","CA",34.231754,-119.05258
93012,35366,93523,"Camarillo","CA",34.218756,-118.99213
93013,15944,68884,"Carpinteria","CA",34.402194,-119.52308
93015,17423,56567,"Fillmore","CA",34.396646,-118.90082
93021,36407,99537,"Moorpark","CA",34.292898,-118.87134
93022,7069,73433,"Oak View","CA",34.401466,-119.30082
93023,20603,64843,"Ojai","CA",34.456957,-119.25307
93030,61215,57860,"Oxnard","CA",34.21707,-119.1769
93033,82263,55210,"Oxnard","CA",34.166933,-119.16113
93035,26966,83038,"Oxnard","CA",34.179304,-119.22189
93040,2037,45877,"Piru","CA",34.424363,-118.73908
93041,23998,52371,"Port Hueneme","CA",34.154072,-119.18829
93042,82,0,"Point Mugu Nawc","CA",34.113389,-119.112432
93043,116,0,"Port Hueneme Cbc Base","CA",34.162124,-119.207364
93060,33836,54782,"Santa Paula","CA",34.367474,-119.07317
93063,56687,83974,"Simi Valley","CA",34.279343,-118.69607
93064,0,0,"Brandeis","CA",34.258203,-118.710724
93065,72273,94173,"Simi Valley","CA",34.265003,-118.77177
93066,3179,75380,"Somis","CA",34.287679,-119.02059
93067,641,75862,"Summerland","CA",34.421895,-119.60084
93101,32860,54945,"Santa Barbara","CA",34.420163,-119.7065
93103,20271,67383,"Santa Barbara","CA",34.428191,-119.68412
93105,24967,81308,"Santa Barbara","CA",34.44005,-119.75496
93108,12119,125272,"Santa Barbara","CA",34.433687,-119.63184
93109,11031,99638,"Santa Barbara","CA",34.40323,-119.72069
93110,17321,75915,"Santa Barbara","CA",34.439579,-119.76788
93111,17554,94933,"Santa Barbara","CA",34.443529,-119.80297
93117,55064,55801,"Goleta","CA",34.443746,-119.94215
93201,1173,27938,"Alpaugh","CA",35.889586,-119.49352
93202,3486,38733,"Armona","CA",36.311439,-119.70823
93203,21784,35429,"Arvin","CA",35.161923,-118.84655
93204,14553,29302,"Avenal","CA",35.930766,-120.10057
93205,2065,20349,"Bodfish","CA",35.576134,-118.46745
93206,2196,41488,"Buttonwillow","CA",35.37825,-119.41664
93207,263,34750,"California Hot Springs","CA",35.87137,-118.6821
93208,125,88750,"Camp Nelson","CA",36.062748,-118.60663
93210,21303,50290,"Coalinga","CA",36.194736,-120.30865
93212,25204,34565,"Corcoran","CA",36.085342,-119.5548
93215,56028,36321,"Delano","CA",35.774967,-119.23371
93218,1009,24118,"Ducor","CA",35.842485,-119.01483
93219,10378,23458,"Earlimart","CA",35.87368,-119.26362
93220,265,0,"Edison","CA",35.357018,-118.810069
93221,15391,48470,"Exeter","CA",36.304696,-119.11383
93222,1681,45551,"Frazier Park","CA",34.850984,-119.16626
93223,10759,32273,"Farmersville","CA",36.300574,-119.20552
93224,429,42273,"Fellows","CA",35.202535,-119.56093
93225,5572,44111,"Frazier Park","CA",34.815266,-119.00404
93226,363,58854,"Glennville","CA",35.727428,-118.72424
93230,66316,53008,"Hanford","CA",36.327063,-119.6451
93234,6896,29304,"Huron","CA",36.209815,-120.0847
93235,4044,32783,"Ivanhoe","CA",36.387879,-119.21908
93238,1575,58012,"Kernville","CA",35.784367,-118.43769
93239,1950,61319,"Kettleman City","CA",36.015318,-120.00772
93240,5667,26054,"Lake Isabella","CA",35.617148,-118.45299
93241,18474,31886,"Lamont","CA",35.256873,-118.91325
93242,3230,40109,"Laton","CA",36.43465,-119.71753
93243,1720,60724,"Lebec","CA",34.851405,-118.87993
93244,340,36406,"Lemon Cove","CA",36.417743,-119.00457
93245,37062,51280,"Lemoore","CA",36.312075,-119.80349
93247,18932,34505,"Lindsay","CA",36.201983,-119.08589
93249,2698,33011,"Lost Hills","CA",35.689717,-119.91961
93250,13925,34961,"McFarland","CA",35.670747,-119.21336
93251,229,40179,"McKittrick","CA",35.364749,-119.70242
93252,3665,31771,"Maricopa","CA",35.040362,-119.41514
93254,700,32750,"New Cuyama","CA",34.956385,-119.74696
93255,598,29030,"Onyx","CA",35.666835,-118.01701
93256,6035,27361,"Pixley","CA",35.957119,-119.31287
93257,75390,39551,"Porterville","CA",36.055121,-119.01595
93258,2292,20896,"Porterville","CA",36.033126,-119.007265
93260,175,24375,"Posey","CA",35.846291,-118.63298
93261,3248,29005,"Richgrove","CA",35.801627,-119.11699
93262,59,0,"Sequoia National Park","CA",36.596251,-118.73425
93263,20204,40833,"Shafter","CA",35.490517,-119.26495
93265,2892,60587,"Springville","CA",36.150892,-118.76204
93266,1465,24122,"Stratford","CA",36.177361,-119.82042
93267,6962,33162,"Strathmore","CA",36.141864,-119.09411
93268,16890,46615,"Taft","CA",35.162776,-119.4303
93270,5519,27807,"Terra Bella","CA",35.94901,-119.03742
93271,2278,43913,"Three Rivers","CA",36.431565,-118.86296
93272,3438,34505,"Tipton","CA",36.059363,-119.32025
93274,71430,45591,"Tulare","CA",36.201451,-119.34994
93276,176,45313,"Tupman","CA",35.305512,-119.38925
93277,51849,51056,"Visalia","CA",36.311,-119.32637
93280,27390,39206,"Wasco","CA",35.605045,-119.37143
93283,2313,29848,"Weldon","CA",35.614134,-118.27824
93285,2218,31144,"Wofford Heights","CA",35.714118,-118.48416
93286,9942,41579,"Woodlake","CA",36.431121,-119.10642
93287,141,65735,"Woody","CA",35.702936,-118.8844
93291,54899,50833,"Visalia","CA",36.351009,-119.33655
93292,38825,51341,"Visalia","CA",36.358928,-119.24027
93301,11685,30963,"Bakersfield","CA",35.381408,-119.01935
93304,51607,35150,"Bakersfield","CA",35.344209,-119.02225
93305,37871,29812,"Bakersfield","CA",35.387058,-118.98647
93306,68910,52203,"Bakersfield","CA",35.396411,-118.92268
93307,84184,34358,"Bakersfield","CA",35.324767,-118.96329
93308,54132,41737,"Bakersfield","CA",35.487491,-119.00896
93309,60631,47369,"Bakersfield","CA",35.340759,-119.06497
93311,44358,87720,"Bakersfield","CA",35.200467,-119.17399
93312,56313,93588,"Bakersfield","CA",35.39068,-119.18583
93313,43644,64803,"Bakersfield","CA",35.19766,-119.05698
93401,27920,52906,"San Luis Obispo","CA",35.262548,-120.65196
93402,14880,57241,"Los Osos","CA",35.313222,-120.83468
93405,34833,41488,"San Luis Obispo","CA",35.277189,-120.70305
93410,0,0,"San Luis Obispo","CA",35.347065,-120.455345
93420,30076,66506,"Arroyo Grande","CA",35.119678,-120.55116
93422,31899,66014,"Atascadero","CA",35.474913,-120.676
93424,853,77679,"Avila Beach","CA",35.18554,-120.72583
93426,1522,57014,"Bradley","CA",35.834919,-120.98093
93427,5279,62969,"Buellton","CA",34.613014,-120.2051
93428,6348,63514,"Cambria","CA",35.563246,-121.07736
93429,114,47031,"Casmalia","CA",34.842293,-120.5318
93430,2735,52329,"Cayucos","CA",35.459347,-120.88947
93432,798,53571,"Creston","CA",35.495242,-120.48392
93433,13337,49418,"Grover Beach","CA",35.120934,-120.61952
93434,7178,45191,"Guadalupe","CA",34.958896,-120.58014
93436,55176,54980,"Lompoc","CA",34.639682,-120.4471
93437,3464,61308,"Lompoc","CA",34.73489,-120.53467
93440,1472,63112,"Los Alamos","CA",34.75465,-120.27032
93441,1195,95625,"Los Olivos","CA",34.709973,-120.09201
93442,10998,52579,"Morro Bay","CA",35.373047,-120.83844
93444,19578,61379,"Nipomo","CA",35.032408,-120.49446
93445,7168,50000,"Oceano","CA",35.097599,-120.61327
93446,44288,64974,"Paso Robles","CA",35.640589,-120.70418
93449,7789,67500,"Pismo Beach","CA",35.150886,-120.65401
93450,814,42083,"San Ardo","CA",35.964022,-120.87339
93451,4187,54205,"San Miguel","CA",35.818054,-120.63645
93452,721,34769,"San Simeon","CA",35.664386,-121.21965
93453,3486,51520,"Santa Margarita","CA",35.323098,-120.08301
93454,37362,52564,"Santa Maria","CA",34.900809,-120.34876
93455,42513,72212,"Santa Maria","CA",34.87455,-120.42806
93458,56514,43803,"Santa Maria","CA",34.956344,-120.45243
93460,4944,91737,"Santa Ynez","CA",34.626931,-120.0661
93461,1661,59738,"Shandon","CA",35.636185,-120.27185
93463,8132,66771,"Solvang","CA",34.608938,-120.13838
93465,9652,83194,"Templeton","CA",35.54464,-120.72428
93501,5258,32897,"Mojave","CA",35.04535,-118.16141
93505,13232,57731,"California City","CA",35.139327,-117.91473
93510,7289,89403,"Acton","CA",34.497245,-118.18951
93512,178,26000,"Benton","CA",37.583838,-118.23615
93513,1584,47833,"Big Pine","CA",37.1363,-118.27335
93514,14472,51250,"Bishop","CA",37.282192,-118.38717
93516,2271,30708,"Boron","CA",35.030694,-117.67264
93517,796,60139,"Bridgeport","CA",38.21053,-119.31968
93518,986,28005,"Caliente","CA",35.381552,-118.54748
93519,97,28285,"Cantil","CA",35.177369,-118.035049
93522,18,0,"Darwin","CA",36.269728,-117.59002
93523,3378,53456,"Edwards","CA",35.044352,-117.8578
93524,263,0,"Edwards","CA",35.294405,-118.905173
93526,714,51250,"Independence","CA",36.851729,-118.20743
93527,1914,52123,"Inyokern","CA",35.734418,-117.89313
93528,79,13906,"Johannesburg","CA",35.366197,-117.63618
93529,589,50595,"June Lake","CA",37.765218,-119.07769
93530,28,11250,"Keeler","CA",36.495772,-117.88289
93531,338,66983,"Keene","CA",35.241311,-118.59338
93532,2419,54769,"Lake Hughes","CA",34.676708,-118.45592
93534,39120,35600,"Lancaster","CA",34.698696,-118.15015
93535,73282,42835,"Lancaster","CA",34.691946,-117.97756
93536,71313,70724,"Lancaster","CA",34.728857,-118.32683
93541,651,53750,"Lee Vining","CA",37.973204,-119.12029
93543,13578,57588,"Littlerock","CA",34.533321,-117.94904
93544,951,52000,"Llano","CA",34.493392,-117.77444
93545,2099,31912,"Lone Pine","CA",36.589514,-118.07367
93546,9408,65156,"Mammoth Lakes","CA",37.621587,-118.86279
93549,334,42237,"Olancha","CA",36.228484,-117.97084
93550,74203,38502,"Palmdale","CA",34.56548,-118.08549
93551,50572,85200,"Palmdale","CA",34.606146,-118.18495
93552,42073,56738,"Palmdale","CA",34.561207,-118.0375
93553,1975,48063,"Pearblossom","CA",34.487552,-117.89885
93554,128,26813,"Randsburg","CA",35.409108,-117.69966
93555,32967,62533,"Ridgecrest","CA",35.599177,-117.68065
93558,267,25486,"Red Mountain","CA",34.839964,-115.967051
93560,19189,56875,"Rosamond","CA",34.88923,-118.33629
93561,34246,60513,"Tehachapi","CA",35.132673,-118.50781
93562,1781,30478,"Trona","CA",35.764433,-117.38202
93563,375,67917,"Valyermo","CA",34.394253,-117.69475
93591,6558,39880,"Palmdale","CA",34.596742,-117.84467
93592,20,0,"Trona","CA",34.839964,-115.967051
93601,2457,61466,"Ahwahnee","CA",37.388698,-119.72439
93602,4207,59125,"Auberry","CA",37.077273,-119.42982
93603,274,51250,"Badger","CA",36.678073,-118.9601
93604,874,50455,"Bass Lake","CA",37.364625,-119.51261
93605,201,82917,"Big Creek","CA",37.191503,-119.26372
93606,604,16154,"Biola","CA",36.802534,-120.01902
93608,725,31111,"Cantua Creek","CA",36.523482,-120.38428
93609,5843,43322,"Caruthers","CA",36.534599,-119.83592
93610,24151,39051,"Chowchilla","CA",37.100417,-120.27864
93611,48597,77930,"Clovis","CA",36.840057,-119.66107
93612,34814,37207,"Clovis","CA",36.813456,-119.70826
93614,10865,50858,"Coarsegold","CA",37.206505,-119.7207
93615,5923,25327,"Cutler","CA",36.506019,-119.2866
93616,2126,31250,"Del Rey","CA",36.657266,-119.59309
93618,29628,38269,"Dinuba","CA",36.538017,-119.38887
93620,10028,34869,"Dos Palos","CA",37.029613,-120.64014
93621,307,31544,"Dunlap","CA",36.774951,-119.13779
93622,9747,32125,"Firebaugh","CA",36.800027,-120.57996
93623,58,24009,"Fish Camp","CA",37.463177,-119.64498
93624,1359,33600,"Five Points","CA",36.40263,-120.12855
93625,7068,42250,"Fowler","CA",36.6265,-119.67526
93626,813,26958,"Friant","CA",37.024461,-119.68496
93627,85,0,"Helm","CA",36.523726,-120.10669
93628,266,66679,"Hume","CA",36.780156,-118.91524
93630,18990,42303,"Kerman","CA",36.722616,-120.10081
93631,16844,58381,"Kingsburg","CA",36.506063,-119.54587
93633,0,0,"Kings Canyon National Pk","CA",36.734051,-118.958777
93634,15,0,"Lakeshore","CA",37.237216,-119.23304
93635,39439,45056,"Los Banos","CA",37.048385,-120.86983
93637,40101,49121,"Madera","CA",36.914819,-120.15817
93638,49761,36890,"Madera","CA",36.991476,-119.98729
93640,12140,25741,"Mendota","CA",36.701905,-120.42801
93641,233,42222,"Miramonte","CA",36.697311,-119.01864
93643,2724,48617,"North Fork","CA",37.232047,-119.52006
93644,7434,44223,"Oakhurst","CA",37.405699,-119.56754
93645,212,93529,"O Neals","CA",37.146284,-119.67379
93646,10716,27914,"Orange Cove","CA",36.623699,-119.30892
93647,11926,32898,"Orosi","CA",36.565252,-119.24273
93648,16102,32175,"Parlier","CA",36.61365,-119.52873
93650,3767,31818,"Fresno","CA",36.841454,-119.79832
93651,1569,90179,"Prather","CA",37.004865,-119.50748
93652,288,22917,"Raisin","CA",36.600348,-119.90272
93653,1357,46121,"Raymond","CA",37.236305,-119.92498
93654,31575,47882,"Reedley","CA",36.608675,-119.43761
93656,7194,45485,"Riverdale","CA",36.45185,-119.93651
93657,35653,49785,"Sanger","CA",36.72845,-119.53571
93660,4621,26223,"San Joaquin","CA",36.600172,-120.15338
93662,30700,43442,"Selma","CA",36.566779,-119.62201
93664,703,96563,"Shaver Lake","CA",37.103957,-119.2644
93665,612,33813,"South Dos Palos","CA",36.961248,-120.65439
93666,683,24276,"Sultana","CA",36.545749,-119.33907
93667,2089,53385,"Tollhouse","CA",36.981035,-119.38254
93668,1215,38665,"Tranquillity","CA",36.641742,-120.28909
93669,284,6827,"Wishon","CA",37.284459,-119.53472
93673,910,38359,"Traver","CA",36.455501,-119.48495
93675,2808,63105,"Squaw Valley","CA",36.713181,-119.18327
93701,10788,18553,"Fresno","CA",36.749444,-119.78872
93702,47850,26031,"Fresno","CA",36.741199,-119.7553
93703,34122,28406,"Fresno","CA",36.767299,-119.765
93704,26009,48461,"Fresno","CA",36.794748,-119.80097
93705,38130,32635,"Fresno","CA",36.786948,-119.82747
93706,39794,29197,"Fresno","CA",36.691036,-119.83321
93710,33114,42844,"Fresno","CA",36.825582,-119.76358
93711,37630,63934,"Fresno","CA",36.831723,-119.83198
93720,46153,77092,"Fresno","CA",36.865587,-119.75917
93721,6308,11922,"Fresno","CA",36.733193,-119.78473
93722,80455,54381,"Fresno","CA",36.801603,-119.88878
93725,26879,35635,"Fresno","CA",36.658599,-119.74097
93726,42618,32471,"Fresno","CA",36.795249,-119.76293
93727,73671,46394,"Fresno","CA",36.753177,-119.69703
93728,14711,32658,"Fresno","CA",36.758598,-119.81022
93901,26438,49491,"Salinas","CA",36.665879,-121.65497
93905,60887,42807,"Salinas","CA",36.681161,-121.61538
93906,63529,55082,"Salinas","CA",36.709717,-121.63997
93907,21812,68078,"Salinas","CA",36.754058,-121.66472
93908,12350,113826,"Salinas","CA",36.619954,-121.65145
93920,839,57670,"Big Sur","CA",36.133401,-121.63798
93921,3164,62230,"Carmel","CA",36.555248,-121.9212
93923,12954,98219,"Carmel","CA",36.517261,-121.89436
93924,5967,92137,"Carmel Valley","CA",36.447533,-121.68611
93925,1672,60000,"Chualar","CA",36.581329,-121.46597
93926,9128,51044,"Gonzales","CA",36.518179,-121.42557
93927,17697,52233,"Greenfield","CA",36.300819,-121.2904
93928,362,77250,"Jolon","CA",36.015388,-121.24839
93930,16843,42454,"King City","CA",36.21106,-121.05986
93932,564,94712,"Lockwood","CA",35.987276,-121.04788
93933,22696,53955,"Marina","CA",36.678155,-121.79724
93940,33760,67716,"Monterey","CA",36.586193,-121.88667
93943,6,0,"Monterey","CA",36.35433,-121.132928
93950,15365,70230,"Pacific Grove","CA",36.619065,-121.92102
93953,4578,102396,"Pebble Beach","CA",36.59081,-121.9461
93954,246,43750,"San Lucas","CA",36.126393,-120.91784
93955,34084,52420,"Seaside","CA",36.615813,-121.83461
93960,27212,47098,"Soledad","CA",36.41176,-121.32617
93962,939,80288,"Spreckels","CA",36.624606,-121.64655
94002,26679,105985,"Belmont","CA",37.516687,-122.29026
94005,4421,80233,"Brisbane","CA",37.682882,-122.40422
94010,42223,118125,"Burlingame","CA",37.574936,-122.36332
94014,48536,71668,"Daly City","CA",37.699182,-122.45035
94015,62941,78564,"Daly City","CA",37.682583,-122.48209
94019,18382,103378,"Half Moon Bay","CA",37.47584,-122.44323
94020,1483,92356,"La Honda","CA",37.28842,-122.22457
94021,211,93810,"Loma Mar","CA",37.271753,-122.27672
94022,19737,182750,"Los Altos","CA",37.37714,-122.12412
94024,22573,167546,"Los Altos","CA",37.353741,-122.08717
94025,40945,119095,"Menlo Park","CA",37.451688,-122.18385
94027,7230,236912,"Atherton","CA",37.458615,-122.20009
94028,6720,180174,"Portola Valley","CA",37.374421,-122.213
94030,22203,92006,"Millbrae","CA",37.600735,-122.40135
94037,2880,147568,"Montara","CA",37.539839,-122.50819
94038,3435,81622,"Moss Beach","CA",37.52489,-122.50991
94040,33958,101912,"Mountain View","CA",37.380207,-122.08787
94041,13551,88810,"Mountain View","CA",37.38949,-122.07846
94043,29280,100844,"Mountain View","CA",37.40679,-122.07461
94044,38416,96719,"Pacifica","CA",37.613806,-122.48229
94060,1650,60089,"Pescadero","CA",37.203092,-122.33718
94061,37667,81907,"Redwood City","CA",37.463911,-122.23396
94062,27014,126557,"Redwood City","CA",37.444879,-122.26253
94063,31881,54003,"Redwood City","CA",37.483504,-122.2144
94065,11585,132462,"Redwood City","CA",37.533538,-122.24602
94066,42100,81369,"San Bruno","CA",37.625908,-122.42363
94070,29879,125335,"San Carlos","CA",37.499175,-122.26655
94074,320,153269,"San Gregorio","CA",37.317278,-122.36526
94080,66002,78378,"South San Francisco","CA",37.652857,-122.4301
94085,23964,92489,"Sunnyvale","CA",37.38894,-122.017956
94086,47051,100215,"Sunnyvale","CA",37.378341,-122.02398
94087,55229,122354,"Sunnyvale","CA",37.350091,-122.03602
94089,20476,88797,"Sunnyvale","CA",37.406289,-122.00838
94102,28013,24127,"San Francisco","CA",37.779329,-122.41915
94103,24108,41612,"San Francisco","CA",37.772329,-122.41087
94104,223,80341,"San Francisco","CA",37.791728,-122.4019
94105,6282,170656,"San Francisco","CA",37.789228,-122.3957
94107,27792,120610,"San Francisco","CA",37.766529,-122.39577
94108,13930,36875,"San Francisco","CA",37.792678,-122.40793
94109,54768,63173,"San Francisco","CA",37.792778,-122.42188
94110,71422,84488,"San Francisco","CA",37.74873,-122.41545
94111,3477,103472,"San Francisco","CA",37.798228,-122.40027
94112,83032,71505,"San Francisco","CA",37.720931,-122.44241
94114,32229,122970,"San Francisco","CA",37.758434,-122.43512
94115,34556,85330,"San Francisco","CA",37.786129,-122.43736
94116,45552,84828,"San Francisco","CA",37.743381,-122.48578
94117,42638,103333,"San Francisco","CA",37.770937,-122.44276
94118,40102,82993,"San Francisco","CA",37.782029,-122.46158
94121,42043,70220,"San Francisco","CA",37.778729,-122.49265
94122,58547,86070,"San Francisco","CA",37.75838,-122.48478
94123,25528,121200,"San Francisco","CA",37.801028,-122.43836
94124,35201,49594,"San Francisco","CA",37.732797,-122.39348
94127,19356,131108,"San Francisco","CA",37.734964,-122.4597
94128,83,0,"San Francisco","CA",37.621964,-122.39534
94129,3334,144886,"San Francisco","CA",37.79984,-122.46167
94130,3083,38077,"San Francisco","CA",37.819423,-122.36966
94131,28370,100114,"San Francisco","CA",37.741797,-122.4378
94132,31926,66607,"San Francisco","CA",37.724231,-122.47958
94133,27662,53150,"San Francisco","CA",37.801878,-122.41018
94134,40343,60230,"San Francisco","CA",37.719581,-122.41085
94301,16927,134907,"Palo Alto","CA",37.443688,-122.15071
94303,47159,89464,"Palo Alto","CA",37.449888,-122.12749
94304,3688,101932,"Palo Alto","CA",37.397823,-122.16605
94305,13538,51976,"Stanford","CA",37.427039,-122.16496
94306,27094,111602,"Palo Alto","CA",37.419389,-122.13273
94401,36838,72279,"San Mateo","CA",37.570385,-122.32044
94402,24306,115807,"San Mateo","CA",37.551586,-122.32773
94403,40032,95189,"San Mateo","CA",37.539686,-122.30266
94404,35045,114779,"San Mateo","CA",37.554335,-122.27032
94501,62571,70935,"Alameda","CA",37.769528,-122.25937
94502,13192,105480,"Alameda","CA",37.734379,-122.23952
94503,20116,81918,"American Canyon","CA",38.170372,-122.25605
94506,21896,176241,"Danville","CA",37.804064,-121.91202
94507,15973,163219,"Alamo","CA",37.856683,-122.02488
94508,4118,72411,"Angwin","CA",38.568307,-122.45084
94509,63351,54372,"Antioch","CA",37.991571,-121.80207
94510,27515,89500,"Benicia","CA",38.071769,-122.15517
94511,2158,36845,"Bethel Island","CA",38.040395,-121.63852
94512,214,64583,"Birds Landing","CA",38.159894,-121.84195
94513,56929,89607,"Brentwood","CA",37.932123,-121.70381
94514,1174,51992,"Byron","CA",37.847704,-121.60812
94515,7314,62182,"Calistoga","CA",38.597907,-122.60952
94516,154,100750,"Canyon","CA",37.777208,-121.955399
94517,12781,121367,"Clayton","CA",37.923523,-121.91172
94518,26647,73040,"Concord","CA",37.954122,-122.02506
94519,19927,67607,"Concord","CA",37.984271,-122.01437
94520,38743,47656,"Concord","CA",37.986321,-122.03988
94521,41138,84819,"Concord","CA",37.957772,-121.97709
94523,34428,81685,"Pleasant Hill","CA",37.951672,-122.07317
94525,3151,81667,"Crockett","CA",38.05282,-122.2234
94526,32274,128802,"Danville","CA",37.811676,-121.98647
94528,915,162328,"Diablo","CA",37.838744,-121.96672
94530,24301,87598,"El Cerrito","CA",37.917774,-122.30426
94531,42587,88693,"Antioch","CA",37.920852,-121.723919
94533,70634,56973,"Fairfield","CA",38.269582,-122.03701
94535,4543,53389,"Travis AFB","CA",38.277661,-121.9192
94536,70696,92107,"Fremont","CA",37.562218,-121.99433
94538,63850,87652,"Fremont","CA",37.527237,-121.9679
94539,51459,144152,"Fremont","CA",37.515014,-121.92916
94541,62738,57895,"Hayward","CA",37.674431,-122.08883
94542,12498,80327,"Hayward","CA",37.657381,-122.05076
94544,76508,59699,"Hayward","CA",37.633732,-122.06101
94545,30936,71723,"Hayward","CA",37.635582,-122.10418
94546,43448,75500,"Castro Valley","CA",37.702063,-122.07934
94547,24622,100204,"Hercules","CA",38.005122,-122.25784
94548,400,85000,"Knightsen","CA",37.972622,-121.665205
94549,28298,137344,"Lafayette","CA",37.895695,-122.11785
94550,48050,102952,"Livermore","CA",37.65778,-121.73011
94551,39775,98321,"Livermore","CA",37.680181,-121.921498
94552,15209,132826,"Castro Valley","CA",37.69768,-122.02503
94553,48891,76669,"Martinez","CA",37.998912,-122.11501
94555,35654,114603,"Fremont","CA",37.571581,-122.0509
94556,15505,133088,"Moraga","CA",37.839426,-122.12426
94558,67967,72720,"Napa","CA",38.337243,-122.30027
94559,27062,58363,"Napa","CA",38.291164,-122.28671
94560,43635,86521,"Newark","CA",37.535586,-122.03362
94561,38481,77706,"Oakley","CA",37.992124,-121.71328
94563,18284,166147,"Orinda","CA",37.878625,-122.18296
94564,18704,74283,"Pinole","CA",37.997509,-122.29208
94565,87395,55865,"Pittsburg","CA",38.017917,-121.90502
94566,42523,120401,"Pleasanton","CA",37.658898,-121.87149
94567,730,58643,"Pope Valley","CA",38.658204,-122.40441
94568,48097,113616,"Dublin","CA",37.714179,-121.92567
94569,320,94420,"Port Costa","CA",38.04337,-122.18994
94571,8171,61563,"Rio Vista","CA",38.156909,-121.72075
94572,9648,68701,"Rodeo","CA",38.031271,-122.26213
94573,142,61310,"Rutherford","CA",38.466508,-122.414189
94574,9300,81788,"Saint Helena","CA",38.511241,-122.45695
94575,1274,0,"Moraga","CA",37.777208,-121.955399
94576,87,40341,"Deer Park","CA",38.553087,-122.47725
94577,45808,64660,"San Leandro","CA",37.722279,-122.15702
94578,38629,49095,"San Leandro","CA",37.703427,-122.128
94579,21842,75481,"San Leandro","CA",37.68858,-122.15421
94580,29311,71177,"San Lorenzo","CA",37.678531,-122.13199
94583,35272,121948,"San Ramon","CA",37.75735,-121.95213
94585,29205,70721,"Suisun City","CA",38.231364,-122.05414
94586,984,85000,"Sunol","CA",37.593883,-121.88281
94587,71675,82564,"Union City","CA",37.592184,-122.04577
94588,31910,127684,"Pleasanton","CA",37.68973,-121.89244
94589,30811,56154,"Vallejo","CA",38.152068,-122.25074
94590,34859,40826,"Vallejo","CA",38.105219,-122.24571
94591,54530,73870,"Vallejo","CA",38.099119,-122.21035
94592,651,107660,"Vallejo","CA",38.115015,-122.29055
94595,16837,58659,"Walnut Creek","CA",37.879757,-122.07143
94596,20778,78856,"Walnut Creek","CA",37.905924,-122.05858
94597,20645,88012,"Walnut Creek","CA",37.777208,-121.955399
94598,26974,121337,"Walnut Creek","CA",37.91878,-122.02618
94599,3187,66136,"Yountville","CA",38.403011,-122.36228
94601,49990,39601,"Oakland","CA",37.776835,-122.21792
94602,29794,68813,"Oakland","CA",37.799727,-122.21211
94603,32306,40962,"Oakland","CA",37.738379,-122.17332
94605,43168,57610,"Oakland","CA",37.763028,-122.16305
94606,37001,37288,"Oakland","CA",37.793177,-122.24352
94607,24830,34192,"Oakland","CA",37.806427,-122.28898
94608,26323,55959,"Emeryville","CA",37.834724,-122.28316
94609,22059,56378,"Oakland","CA",37.834926,-122.264
94610,29734,73850,"Oakland","CA",37.812377,-122.24199
94611,37225,107577,"Oakland","CA",37.827126,-122.22289
94612,14500,30879,"Oakland","CA",37.809427,-122.27172
94613,842,0,"Oakland","CA",37.781098,-122.186573
94618,17007,123575,"Oakland","CA",37.843726,-122.24369
94619,24146,78676,"Oakland","CA",37.790027,-122.18615
94621,32269,30528,"Oakland","CA",37.753978,-122.18969
94702,16868,59628,"Berkeley","CA",37.865026,-122.2859
94703,21421,58613,"Berkeley","CA",37.862526,-122.27582
94704,26334,30997,"Berkeley","CA",37.868575,-122.25855
94705,12790,96537,"Berkeley","CA",37.856926,-122.25084
94706,20206,81746,"Albany","CA",37.889125,-122.29371
94707,12402,136331,"Berkeley","CA",37.894625,-122.27917
94708,11143,145610,"Berkeley","CA",37.894625,-122.26372
94709,12030,59150,"Berkeley","CA",37.879625,-122.2668
94710,6439,60952,"Berkeley","CA",37.869976,-122.2981
94720,3059,0,"Berkeley","CA",37.866825,-122.253582
94801,29269,38856,"Richmond","CA",37.941424,-122.36628
94803,25998,76232,"El Sobrante","CA",37.969673,-122.29413
94804,40941,49541,"Richmond","CA",37.926509,-122.3408
94805,14329,66079,"Richmond","CA",37.941824,-122.32553
94806,60101,52173,"San Pablo","CA",37.972623,-122.33873
94850,0,0,"Richmond","CA",37.777208,-121.955399
94901,42027,76909,"San Rafael","CA",37.972423,-122.51484
94903,30110,86196,"San Rafael","CA",38.019022,-122.54589
94904,12271,102237,"Greenbrae","CA",37.950069,-122.54284
94920,12583,132486,"Belvedere Tiburon","CA",37.892476,-122.47541
94922,492,28556,"Bodega","CA",38.345572,-122.96676
94923,736,77305,"Bodega Bay","CA",38.347701,-123.05869
94924,1434,73621,"Bolinas","CA",37.907675,-122.70201
94925,9478,113279,"Corte Madera","CA",37.924242,-122.516
94928,42668,57484,"Rohnert Park","CA",38.347174,-122.69537
94929,82,44417,"Dillon Beach","CA",38.246611,-122.95916
94930,8756,93049,"Fairfax","CA",37.98779,-122.59962
94931,8570,64625,"Cotati","CA",38.328614,-122.71044
94933,1069,71667,"Forest Knolls","CA",38.012489,-122.68886
94937,970,51921,"Inverness","CA",38.099205,-122.87751
94938,884,96281,"Lagunitas","CA",38.017617,-122.6943
94939,6935,93750,"Larkspur","CA",37.936151,-122.5355
94940,194,28958,"Marshall","CA",38.180029,-122.88357
94941,30605,121209,"Mill Valley","CA",37.898058,-122.54134
94945,17973,83638,"Novato","CA",38.117065,-122.56316
94946,682,113281,"Nicasio","CA",38.050454,-122.67866
94947,25969,81879,"Novato","CA",38.098221,-122.59809
94949,16386,74009,"Novato","CA",38.06317,-122.54111
94950,74,21333,"Olema","CA",38.054433,-122.77762
94951,4812,93389,"Penngrove","CA",38.314531,-122.66097
94952,35081,75221,"Petaluma","CA",38.243734,-122.69345
94954,36624,81980,"Petaluma","CA",38.243299,-122.6069
94956,1687,38750,"Point Reyes Station","CA",38.081566,-122.81988
94957,1063,187857,"Ross","CA",38.022322,-122.561689
94960,15999,108295,"San Anselmo","CA",37.981623,-122.56884
94963,461,79485,"San Geronimo","CA",38.012082,-122.66389
94964,4478,106333,"San Quentin","CA",37.943365,-122.49029
94965,11114,89715,"Sausalito","CA",37.855527,-122.49949
94970,495,107768,"Stinson Beach","CA",37.903396,-122.65043
94971,362,42500,"Tomales","CA",38.245851,-122.90644
94972,39,0,"Valley Ford","CA",38.335515,-122.9392
94973,1831,88750,"Woodacre","CA",38.007639,-122.63914
95002,1660,73333,"Alviso","CA",37.427439,-121.97521
95003,24383,83902,"Aptos","CA",36.979333,-121.8944
95004,3886,67188,"Aromas","CA",36.885056,-121.63082
95005,6615,69872,"Ben Lomond","CA",37.084347,-122.08524
95006,9162,75510,"Boulder Creek","CA",37.151813,-122.13679
95007,727,149821,"Brookdale","CA",37.10548,-122.1047
95008,45495,88987,"Campbell","CA",37.278843,-121.95446
95010,9367,55833,"Capitola","CA",36.9761,-121.95316
95012,10470,52015,"Castroville","CA",36.768856,-121.75105
95013,32,0,"Coyote","CA",37.189396,-121.705327
95014,62478,130961,"Cupertino","CA",37.317909,-122.04779
95017,654,67031,"Davenport","CA",37.085986,-122.22638
95018,7660,72161,"Felton","CA",37.057708,-122.05967
95019,7374,38491,"Freedom","CA",36.935552,-121.77972
95020,59666,82748,"Gilroy","CA",37.016943,-121.56581
95023,50625,69678,"Hollister","CA",36.862243,-121.38006
95030,13429,154107,"Los Gatos","CA",37.228594,-121.98396
95032,25898,120893,"Los Gatos","CA",37.241193,-121.9534
95033,9628,126397,"Los Gatos","CA",37.160012,-121.9881
95035,69635,98899,"Milpitas","CA",37.436451,-121.89438
95037,46834,95435,"Morgan Hill","CA",37.137595,-121.66211
95039,1545,42708,"Moss Landing","CA",36.812905,-121.78299
95041,146,120208,"Mount Hermon","CA",37.050798,-122.0569
95043,636,62500,"Paicines","CA",36.504586,-121.01515
95045,3969,55250,"San Juan Bautista","CA",36.829052,-121.52848
95046,6303,108205,"San Martin","CA",37.088746,-121.60048
95050,37714,69341,"Santa Clara","CA",37.347791,-121.95131
95051,54406,101292,"Santa Clara","CA",37.346241,-121.9846
95053,2730,133333,"Santa Clara","CA",37.189396,-121.705327
95054,23914,116855,"Santa Clara","CA",37.39324,-121.96066
95060,47148,62365,"Santa Cruz","CA",36.980556,-122.04603
95062,36358,62253,"Santa Cruz","CA",36.9707,-121.99086
95064,8425,60536,"Santa Cruz","CA",37.000199,-122.06026
95065,8331,86031,"Santa Cruz","CA",37.010322,-121.98523
95066,15095,108919,"Scotts Valley","CA",37.057575,-122.01507
95070,31093,167386,"Saratoga","CA",37.270543,-122.02305
95073,10849,80133,"Soquel","CA",37.007916,-121.95072
95075,330,60556,"Tres Pinos","CA",36.761702,-121.274795
95076,84587,56671,"Watsonville","CA",36.922902,-121.77224
95110,19239,68693,"San Jose","CA",37.335545,-121.89877
95111,60907,57047,"San Jose","CA",37.284042,-121.82664
95112,57503,49454,"San Jose","CA",37.348541,-121.88627
95113,1163,61500,"San Jose","CA",37.333941,-121.89154
95116,52597,47413,"San Jose","CA",37.34964,-121.8544
95117,32074,67718,"San Jose","CA",37.311042,-121.96162
95118,31579,90984,"San Jose","CA",37.257643,-121.89072
95119,10595,103319,"San Jose","CA",37.232244,-121.79092
95120,37673,152721,"San Jose","CA",37.213624,-121.85671
95121,38603,85514,"San Jose","CA",37.305714,-121.81145
95122,57564,57470,"San Jose","CA",37.329641,-121.83359
95123,64602,90881,"San Jose","CA",37.244426,-121.83246
95124,48505,106660,"San Jose","CA",37.256743,-121.92312
95125,54696,102479,"San Jose","CA",37.295092,-121.89649
95126,34618,72877,"San Jose","CA",37.326341,-121.9178
95127,64498,70692,"San Jose","CA",37.369473,-121.82077
95128,37026,70096,"San Jose","CA",37.316983,-121.93555
95129,40530,107493,"San Jose","CA",37.307742,-121.99976
95130,14559,98990,"San Jose","CA",37.289642,-121.98311
95131,29660,108366,"San Jose","CA",37.38631,-121.88987
95132,41222,98026,"San Jose","CA",37.405989,-121.84775
95133,27381,72459,"San Jose","CA",37.37354,-121.85784
95134,16811,114757,"San Jose","CA",37.412539,-121.94461
95135,21349,128654,"San Jose","CA",37.299474,-121.75446
95136,41852,87500,"San Jose","CA",37.269343,-121.84939
95138,19136,145505,"San Jose","CA",37.255915,-121.77536
95139,6632,98400,"San Jose","CA",37.226194,-121.76514
95140,233,166750,"Mount Hamilton","CA",37.388718,-121.63845
95148,46993,107324,"San Jose","CA",37.330496,-121.79141
95202,5409,15023,"Stockton","CA",37.958723,-121.28805
95203,15711,37264,"Stockton","CA",37.954823,-121.30735
95204,29246,43372,"Stockton","CA",37.974273,-121.3147
95205,36928,33357,"Stockton","CA",37.962873,-121.26401
95206,65324,42404,"Stockton","CA",37.922024,-121.3025
95207,48748,38563,"Stockton","CA",38.004172,-121.3237
95209,41459,72218,"Stockton","CA",38.035499,-121.34378
95210,40820,38510,"Stockton","CA",38.025086,-121.29722
95211,1814,0,"Stockton","CA",37.981073,-121.308008
95212,25244,59965,"Stockton","CA",38.038906,-121.24213
95215,23764,40753,"Stockton","CA",37.955474,-121.19064
95219,28354,75309,"Stockton","CA",38.004922,-121.40022
95220,7501,60899,"Acampo","CA",38.200193,-121.23505
95222,5228,51927,"Angels Camp","CA",38.087437,-120.58072
95223,3042,62056,"Arnold","CA",38.282255,-120.28875
95224,266,20179,"Avery","CA",38.208553,-120.34876
95225,570,19922,"Burson","CA",38.183288,-120.89487
95226,295,0,"Campo Seco","CA",38.229515,-120.86341
95227,938,99167,"Clements","CA",38.205817,-121.05361
95228,4576,61250,"Copperopolis","CA",37.942532,-120.65786
95230,635,46250,"Farmington","CA",37.959439,-120.82329
95231,4961,36167,"French Camp","CA",37.882742,-121.27978
95232,217,58500,"Glencoe","CA",38.356552,-120.58318
95233,591,50446,"Hathaway Pines","CA",38.186102,-120.36328
95234,261,0,"Holt","CA",37.889849,-121.253872
95236,3829,76542,"Linden","CA",38.018456,-121.05675
95237,2999,46575,"Lockeford","CA",38.162818,-121.14855
95240,47297,40021,"Lodi","CA",38.12463,-121.25039
95242,26187,64355,"Lodi","CA",38.132618,-121.32282
95245,2064,62424,"Mokelumne Hill","CA",38.300688,-120.62632
95246,1258,39110,"Mountain Ranch","CA",38.26127,-120.50328
95247,4689,48287,"Murphys","CA",38.146124,-120.45458
95248,178,21429,"Rail Road Flat","CA",38.325626,-120.485154
95249,3796,41458,"San Andreas","CA",38.192823,-120.64285
95250,65,0,"Sheep Ranch","CA",38.256839,-120.38102
95251,874,78558,"Vallecito","CA",38.075897,-120.46544
95252,14143,62384,"Valley Springs","CA",38.145601,-120.85733
95254,682,72120,"Wallace","CA",38.192911,-120.95775
95255,1991,36678,"West Point","CA",38.421689,-120.46947
95257,385,45509,"Wilseyville","CA",38.377741,-120.45741
95258,3973,72452,"Woodbridge","CA",38.154118,-121.306
95301,38007,48488,"Atwater","CA",37.35115,-120.6056
95303,1019,44792,"Ballico","CA",37.46994,-120.67607
95304,17971,78640,"Banta","CA",37.889849,-121.253872
95305,53,0,"Big Oak Flat","CA",37.824554,-120.25764
95306,952,39219,"Catheys Valley","CA",37.432168,-120.09682
95307,42470,45631,"Ceres","CA",37.584282,-120.95064
95310,1934,37500,"Columbia","CA",38.060956,-120.39216
95311,2073,42614,"Coulterville","CA",37.74614,-120.15123
95312,276,51806,"Cressey","CA",37.420143,-120.66525
95313,1006,35476,"Crows Landing","CA",37.413659,-121.05649
95314,0,0,"Dardanelle","CA",38.033541,-119.92502
95315,12381,44771,"Delhi","CA",37.428227,-120.77519
95316,6733,67639,"Denair","CA",37.552329,-120.78463
95317,1033,33036,"El Nido","CA",37.127525,-120.50574
95318,601,102872,"El Portal","CA",37.673629,-119.81305
95319,1581,24814,"Empire","CA",37.637531,-120.906593
95320,12739,55599,"Escalon","CA",37.797806,-121.00179
95321,3461,45947,"Groveland","CA",37.840248,-120.04541
95322,8727,40732,"Gustine","CA",37.187494,-121.03232
95323,998,55500,"Hickman","CA",37.6194,-120.7141
95324,7733,51286,"Hilmar","CA",37.400932,-120.87972
95325,61,0,"Hornitos","CA",37.46336,-120.2561
95326,9487,54366,"Hughson","CA",37.59471,-120.86419
95327,8679,44902,"Jamestown","CA",37.867243,-120.49157
95328,4717,41103,"Keyes","CA",37.5596,-120.9141
95329,2654,58191,"La Grange","CA",37.694235,-120.42421
95330,17702,63248,"Lathrop","CA",37.816876,-121.28541
95333,3064,42366,"Le Grand","CA",37.245423,-120.27116
95334,16330,50740,"Livingston","CA",37.38025,-120.72614
95335,613,33309,"Long Barn","CA",38.119056,-120.1014
95336,46433,56885,"Manteca","CA",37.812815,-121.21416
95337,31399,66711,"Manteca","CA",37.782332,-121.23578
95338,11075,47692,"Mariposa","CA",37.505484,-119.92527
95340,34745,49688,"Merced","CA",37.294648,-120.47474
95341,33744,32233,"Merced","CA",37.186872,-120.650351
95345,448,41042,"Midpines","CA",37.576262,-119.94865
95346,1541,49708,"Mi Wuk Village","CA",38.079632,-120.16872
95348,31387,40903,"Merced","CA",37.342056,-120.50154
95350,50676,40461,"Modesto","CA",37.671778,-121.01249
95351,48437,34732,"Modesto","CA",37.626067,-120.99955
95354,24356,36254,"Modesto","CA",37.644481,-120.98043
95355,59955,56646,"Modesto","CA",37.673513,-120.95566
95356,32794,65208,"Modesto","CA",37.704138,-121.02187
95357,11353,53235,"Modesto","CA",37.667196,-120.9061
95358,31709,49567,"Modesto","CA",37.622898,-121.05181
95360,11756,42213,"Newman","CA",37.312014,-121.0314
95361,32544,57652,"Oakdale","CA",37.776528,-120.84756
95363,26087,53466,"Patterson","CA",37.477477,-121.14555
95364,0,0,"Pinecrest","CA",38.275328,-119.89619
95365,4796,32319,"Planada","CA",37.297403,-120.32285
95366,16734,75300,"Ripon","CA",37.742895,-121.12546
95367,24045,59056,"Riverbank","CA",37.731272,-120.94365
95368,14474,72939,"Salida","CA",37.708727,-121.08928
95369,977,48510,"Snelling","CA",37.521832,-120.46555
95370,26904,48912,"Sonora","CA",37.995238,-120.3437
95372,1969,79457,"Soulsbyville","CA",37.991855,-120.25829
95374,1847,44000,"Stevinson","CA",37.322619,-120.88299
95375,228,0,"Strawberry","CA",38.184096,-120.021342
95376,49398,62262,"Tracy","CA",37.728417,-121.42399
95377,32453,96860,"Tracy","CA",37.72374,-121.447131
95379,3837,54792,"Tuolumne","CA",37.957978,-120.2297
95380,41069,39743,"Turlock","CA",37.48858,-120.85196
95382,37163,64874,"Turlock","CA",37.523901,-120.8516
95383,3728,42299,"Twain Harte","CA",38.055888,-120.23002
95385,515,37631,"Vernalis","CA",37.609781,-121.26784
95386,10066,47868,"Waterford","CA",37.645632,-120.73812
95387,768,28472,"Westley","CA",37.539768,-121.24702
95388,14410,42677,"Winton","CA",37.400193,-120.61094
95389,1312,45588,"Yosemite National Park","CA",37.699662,-119.67529
95391,12359,107095,"Tracy","CA",37.76,-121.63
95401,38604,52813,"Santa Rosa","CA",38.440111,-122.74563
95403,44918,63029,"Santa Rosa","CA",38.480494,-122.74976
95404,40253,67001,"Santa Rosa","CA",38.457611,-122.69317
95405,21516,72156,"Santa Rosa","CA",38.438161,-122.67419
95407,40657,53652,"Santa Rosa","CA",38.404991,-122.7275
95409,25784,65425,"Santa Rosa","CA",38.460594,-122.6422
95410,886,37703,"Albion","CA",39.216157,-123.71376
95412,352,51875,"Annapolis","CA",38.717819,-123.32757
95415,1591,34643,"Boonville","CA",39.026811,-123.38621
95417,170,71301,"Branscomb","CA",39.670239,-123.64423
95420,442,51618,"Caspar","CA",39.365356,-123.80469
95421,1537,58289,"Cazadero","CA",38.562843,-123.16785
95422,15453,25934,"Clearlake","CA",38.956206,-122.63523
95423,3040,27379,"Clearlake Oaks","CA",39.037173,-122.65445
95425,10699,57400,"Cloverdale","CA",38.795668,-122.997
95426,1659,66750,"Cobb","CA",38.835146,-122.72234
95427,227,21410,"Comptche","CA",39.240872,-123.54765
95428,2491,32782,"Covelo","CA",39.825781,-123.23026
95429,77,73125,"Dos Rios","CA",39.761199,-123.33547
95430,0,0,"Duncans Mills","CA",38.449265,-123.05495
95431,511,0,"Eldridge","CA",38.347913,-122.51753
95432,348,32431,"Elk","CA",39.103897,-123.64617
95435,355,0,"Finley","CA",39.00686,-122.859625
95436,5582,53368,"Forestville","CA",38.495857,-122.90636
95437,14351,38276,"Fort Bragg","CA",39.43695,-123.76087
95439,566,73542,"Fulton","CA",38.494643,-122.77226
95441,1989,59545,"Geyserville","CA",38.710228,-122.95704
95442,3154,64712,"Glen Ellen","CA",38.367948,-122.52468
95443,268,15529,"Glenhaven","CA",39.03276,-122.74082
95444,774,72607,"Graton","CA",38.434663,-122.8689
95445,1522,36201,"Gualala","CA",38.813417,-123.55762
95446,4419,43564,"Guerneville","CA",38.509737,-123.00084
95448,17078,62076,"Healdsburg","CA",38.614088,-122.87626
95449,1583,37321,"Hopland","CA",38.955142,-123.08125
95450,228,51389,"Jenner","CA",38.506229,-123.22938
95451,12035,45392,"Kelseyville","CA",38.939725,-122.78548
95452,1314,78114,"Kenwood","CA",38.414061,-122.54668
95453,10345,45299,"Lakeport","CA",39.051698,-122.92071
95454,2135,36196,"Laytonville","CA",39.745588,-123.5223
95456,600,38750,"Littleriver","CA",39.268774,-123.75568
95457,3331,42829,"Lower Lake","CA",38.911393,-122.599
95458,3334,20980,"Lucerne","CA",39.090421,-122.78972
95459,596,43594,"Manchester","CA",38.996389,-123.66468
95460,2338,49470,"Mendocino","CA",39.311858,-123.79166
95461,3318,52143,"Middletown","CA",38.791139,-122.61069
95462,1216,37083,"Monte Rio","CA",38.471368,-123.01469
95463,18,0,"Navarro","CA",39.173321,-123.55081
95464,2208,26667,"Nice","CA",39.12558,-122.84653
95465,2328,68636,"Occidental","CA",38.409993,-122.98347
95466,913,50500,"Philo","CA",39.089273,-123.50186
95468,1192,44412,"Point Arena","CA",38.898385,-123.65746
95469,1960,49545,"Potter Valley","CA",39.383027,-123.07856
95470,6874,58810,"Redwood Valley","CA",39.285782,-123.22064
95471,528,43854,"Rio Nido","CA",38.522499,-122.97967
95472,29408,68804,"Sebastopol","CA",38.393314,-122.83666
95476,38822,60100,"Sonoma","CA",38.277147,-122.47058
95482,33157,45953,"Ukiah","CA",39.154946,-123.20088
95485,2508,29708,"Upper Lake","CA",39.172397,-122.90474
95486,54,28897,"Villa Grande","CA",38.464487,-123.037996
95488,309,56683,"Westport","CA",39.727052,-123.79238
95490,12905,37692,"Willits","CA",39.451662,-123.37285
95492,29629,81093,"Windsor","CA",38.54486,-122.80785
95493,187,88333,"Witter Springs","CA",39.19607,-122.96649
95494,188,46319,"Yorkville","CA",38.916201,-123.26509
95497,983,59375,"The Sea Ranch","CA",38.725628,-123.47625
95501,23769,38175,"Eureka","CA",40.793739,-124.16102
95503,24900,48681,"Eureka","CA",40.757091,-124.1513
95511,452,13750,"Alderpoint","CA",40.169518,-123.60216
95514,170,22893,"Blocksburg","CA",40.325767,-123.69266
95519,18496,50051,"Mckinleyville","CA",40.963482,-124.07286
95521,20769,32711,"Arcata","CA",40.867469,-124.07519
95524,1902,69760,"Bayside","CA",40.822884,-124.06711
95525,1668,48142,"Blue Lake","CA",40.907437,-123.88348
95526,237,21979,"Bridgeville","CA",40.413386,-123.53267
95527,553,34911,"Burnt Ranch","CA",40.877334,-123.45661
95528,1273,44554,"Carlotta","CA",40.489925,-123.97132
95531,24202,41136,"Crescent City","CA",41.782681,-124.16703
95536,3078,50227,"Ferndale","CA",40.561448,-124.25781
95537,130,16537,"Fields Landing","CA",40.725444,-124.21697
95540,13012,42655,"Fortuna","CA",40.583488,-124.14367
95542,2718,35634,"Garberville","CA",40.0985,-123.80654
95543,551,31964,"Gasquet","CA",41.888557,-123.80079
95545,99,64375,"Honeydew","CA",40.281369,-124.08998
95546,3434,26281,"Hoopa","CA",41.161505,-123.72444
95547,1347,56081,"Hydesville","CA",40.546202,-124.08412
95548,1459,26058,"Klamath","CA",41.51823,-124.03075
95549,869,56607,"Kneeland","CA",40.691578,-123.87189
95550,269,44333,"Korbel","CA",40.766645,-123.83488
95551,1826,45729,"Loleta","CA",40.659753,-124.22153
95552,587,34583,"Mad River","CA",40.390478,-123.41309
95553,1173,41393,"Miranda","CA",40.210793,-123.86447
95554,325,23750,"Myers Flat","CA",40.2959,-123.77902
95555,329,33125,"Orick","CA",41.296122,-124.05351
95556,655,48839,"Orleans","CA",41.300573,-123.54411
95558,360,36000,"Petrolia","CA",40.272963,-124.21494
95559,103,22904,"Phillipsville","CA",40.196116,-123.77315
95560,1374,29913,"Redway","CA",40.131417,-123.85855
95562,3435,40181,"Rio Dell","CA",40.494813,-124.11637
95563,559,40500,"Salyer","CA",40.89197,-123.56149
95564,500,53056,"Samoa","CA",40.79348,-124.19929
95565,1092,54034,"Scotia","CA",40.459978,-124.06059
95567,1854,36563,"Smith River","CA",41.949739,-124.15098
95568,94,42500,"Somes Bar","CA",41.455226,-123.47671
95569,277,31932,"Redcrest","CA",40.35983,-123.87105
95570,2083,50500,"Trinidad","CA",41.081726,-124.13112
95571,152,93393,"Weott","CA",40.322683,-123.92367
95573,1433,35607,"Willow Creek","CA",40.945039,-123.65806
95585,454,26518,"Leggett","CA",39.860285,-123.71685
95587,128,114542,"Piercy","CA",39.96266,-123.74471
95589,1226,43295,"Whitethorn","CA",40.033316,-124.02379
95595,180,35750,"Zenia","CA",40.202464,-123.46646
95601,161,43036,"Amador City","CA",38.426602,-120.8275
95602,18498,63721,"Auburn","CA",38.976837,-121.09142
95603,28652,56049,"Auburn","CA",38.909605,-121.07971
95604,44,0,"Auburn","CA",39.106287,-120.536032
95605,14326,38255,"West Sacramento","CA",38.592155,-121.52805
95606,35,0,"Brooks","CA",38.857328,-122.21486
95607,315,69702,"Capay","CA",38.706727,-122.125
95608,60729,55256,"Carmichael","CA",38.628371,-121.32702
95610,43572,50536,"Citrus Heights","CA",38.696912,-121.27125
95612,1045,53194,"Clarksburg","CA",38.383366,-121.57819
95614,4283,90903,"Cool","CA",38.880294,-120.97426
95615,1090,59028,"Courtland","CA",38.333568,-121.54853
95616,48106,45332,"Davis","CA",38.549256,-121.73655
95618,27222,81471,"El Macero","CA",38.546306,-121.68682
95619,4937,60660,"Diamond Springs","CA",38.689067,-120.82071
95620,21005,66291,"Dixon","CA",38.427208,-121.81348
95621,41474,51827,"Citrus Heights","CA",38.695252,-121.3081
95623,4317,55878,"El Dorado","CA",38.639643,-120.84556
95624,63131,80233,"Elk Grove","CA",38.421068,-121.36059
95625,200,75163,"Elmira","CA",38.35011,-121.90799
95626,6335,60579,"Elverta","CA",38.727451,-121.45433
95627,3498,57664,"Esparto","CA",38.744062,-121.99929
95628,40767,72739,"Fair Oaks","CA",38.654803,-121.26529
95629,1002,42545,"Fiddletown","CA",38.527556,-120.69292
95630,73356,100308,"Folsom","CA",38.672127,-121.15783
95631,5910,63901,"Foresthill","CA",39.033312,-120.82172
95632,30064,61255,"Galt","CA",38.267544,-121.29723
95633,3247,70938,"Garden Valley","CA",38.839773,-120.82881
95634,3143,59844,"Georgetown","CA",38.930207,-120.78557
95635,870,46827,"Greenwood","CA",38.919588,-120.90406
95636,771,56250,"Grizzly Flats","CA",38.634753,-120.53353
95637,694,75750,"Guinda","CA",38.830508,-122.19944
95638,2047,91518,"Herald","CA",38.317665,-121.16166
95639,311,75556,"Hood","CA",38.367276,-121.51487
95640,10681,56696,"Ione","CA",38.346132,-120.94516
95641,1732,38750,"Isleton","CA",38.161756,-121.60428
95642,6619,43981,"Jackson","CA",38.359772,-120.75324
95645,2110,42576,"Knights Landing","CA",38.851198,-121.73354
95646,98,39375,"Kirkwood","CA",38.688329,-120.05516
95648,48869,70820,"Lincoln","CA",38.902873,-121.29795
95650,12255,84133,"Loomis","CA",38.817508,-121.17225
95651,517,65114,"Lotus","CA",38.817357,-120.92213
95652,1010,46667,"Mcclellan AFB","CA",38.666653,-121.389613
95653,565,55000,"Madison","CA",38.678663,-121.96907
95655,4592,87738,"Mather","CA",38.558073,-121.28737
95658,6261,63604,"Newcastle","CA",38.87672,-121.14213
95659,775,54444,"Nicolaus","CA",38.868919,-121.56398
95660,33014,41615,"North Highlands","CA",38.676103,-121.37656
95661,30559,72459,"Roseville","CA",38.731976,-121.2531
95662,31814,65122,"Orangevale","CA",38.682803,-121.2231
95663,2485,124375,"Penryn","CA",38.859227,-121.17565
95664,1135,79327,"Pilot Hill","CA",38.811695,-121.02427
95665,4862,48940,"Pine Grove","CA",38.40097,-120.64952
95666,5533,53281,"Pioneer","CA",38.529753,-120.41411
95667,36639,55710,"Placerville","CA",38.724682,-120.79533
95668,752,65938,"Pleasant Grove","CA",38.8323,-121.51661
95669,2676,64479,"Plymouth","CA",38.480569,-120.86895
95670,52886,55656,"Rancho Cordova","CA",38.605355,-121.28247
95672,5166,92464,"Rescue","CA",38.71203,-121.0023
95673,14773,50854,"Rio Linda","CA",38.688069,-121.44874
95674,922,74583,"Rio Oso","CA",38.961976,-121.48166
95675,309,48285,"River Pines","CA",38.545656,-120.74287
95677,22808,69583,"Rocklin","CA",38.789165,-121.23825
95678,41929,62969,"Roseville","CA",38.752434,-121.28933
95679,48,14073,"Rumsey","CA",38.867147,-122.224813
95680,260,0,"Ryde","CA",38.232898,-121.568427
95681,1475,44464,"Sheridan","CA",38.997612,-121.37967
95682,29972,77416,"Shingle Springs","CA",38.641158,-120.97109
95683,6555,100139,"Sloughhouse","CA",38.492811,-121.10036
95684,2980,52292,"Somerset","CA",38.60766,-120.5937
95685,4278,60648,"Sutter Creek","CA",38.394464,-120.79015
95686,965,31438,"Thornton","CA",38.228976,-121.44032
95687,65781,73684,"Vacaville","CA",38.34401,-121.95333
95688,35820,81860,"Vacaville","CA",38.380528,-121.99192
95689,904,56875,"Volcano","CA",38.473857,-120.59421
95690,1932,56101,"Walnut Grove","CA",38.240477,-121.56507
95691,35929,65769,"West Sacramento","CA",38.569193,-121.54496
95692,4812,62043,"Wheatland","CA",39.030716,-121.43497
95693,5943,79121,"Wilton","CA",38.382367,-121.23708
95694,9574,58517,"Winters","CA",38.537434,-121.97757
95695,38790,52274,"Woodland","CA",38.697238,-121.80944
95697,554,75714,"Yolo","CA",38.751038,-121.832156
95698,219,45769,"Zamora","CA",38.782731,-121.89811
95699,148,77188,"Drytown","CA",38.437001,-120.845706
95701,718,52841,"Alta","CA",39.217668,-120.78346
95703,1065,69750,"Applegate","CA",38.995732,-120.99703
95709,4953,70417,"Camino","CA",38.748112,-120.67463
95713,9920,60720,"Colfax","CA",39.092062,-120.93471
95714,284,54327,"Dutch Flat","CA",39.204434,-120.83816
95715,80,32361,"Emigrant Gap","CA",39.277658,-120.7067
95717,199,39167,"Gold Run","CA",39.177026,-120.8451
95720,60,56667,"Kyburz","CA",38.771209,-120.26765
95721,13,0,"Echo Lake","CA",38.823996,-120.05956
95722,4524,76389,"Meadow Vista","CA",39.005098,-121.01891
95724,0,0,"Norden","CA",39.26599,-120.64145
95726,8566,55996,"Pollock Pines","CA",38.749713,-120.53386
95728,495,38690,"Soda Springs","CA",39.311156,-120.41039
95735,30,34063,"Twin Bridges","CA",38.805745,-120.13213
95736,250,43355,"Weimar","CA",39.01004,-120.97814
95742,9780,104167,"Rancho Cordova","CA",38.607756,-121.18367
95746,23715,118919,"Granite Bay","CA",38.743811,-121.19013
95747,56415,92678,"Roseville","CA",38.768829,-121.33629
95758,62099,70003,"Elk Grove","CA",38.406432,-121.43673
95762,40603,117700,"El Dorado Hills","CA",38.684324,-121.06879
95765,36391,87100,"Rocklin","CA",38.817993,-121.2631
95776,21827,63750,"Woodland","CA",38.681254,-121.74189
95814,10076,33373,"Sacramento","CA",38.580255,-121.49125
95815,25772,29721,"Sacramento","CA",38.611854,-121.44553
95816,16845,53002,"Sacramento","CA",38.571661,-121.46827
95817,14472,34845,"Sacramento","CA",38.551106,-121.45996
95818,20135,58272,"Sacramento","CA",38.556576,-121.49285
95819,18374,87156,"Sacramento","CA",38.568855,-121.44099
95820,34529,40730,"Sacramento","CA",38.535795,-121.44663
95821,34439,38777,"Sacramento","CA",38.623304,-121.38181
95822,42907,44392,"Sacramento","CA",38.51394,-121.49201
95823,73641,36731,"Sacramento","CA",38.477508,-121.44561
95824,29781,28447,"Sacramento","CA",38.518356,-121.44378
95825,31083,37382,"Sacramento","CA",38.594205,-121.40726
95826,38378,53648,"Sacramento","CA",38.550098,-121.37492
95827,20294,50528,"Sacramento","CA",38.566506,-121.32515
95828,61490,45439,"Sacramento","CA",38.484747,-121.4024
95829,25786,74530,"Sacramento","CA",38.476196,-121.34715
95830,762,56250,"Sacramento","CA",38.498156,-121.2651
95831,41597,68679,"Sacramento","CA",38.494971,-121.53059
95832,11908,42228,"Sacramento","CA",38.464667,-121.49643
95833,39117,55827,"Sacramento","CA",38.616891,-121.49623
95834,23986,56651,"Sacramento","CA",38.642805,-121.50466
95835,39073,80449,"Sacramento","CA",38.664824,-121.52061
95837,289,110236,"Sacramento","CA",38.700244,-121.60207
95838,35935,39481,"Sacramento","CA",38.641223,-121.4417
95841,19361,38464,"Sacramento","CA",38.66152,-121.34361
95842,31671,44542,"Sacramento","CA",38.687718,-121.349
95843,47172,64773,"Antelope","CA",38.716874,-121.3698
95864,22698,83467,"Sacramento","CA",38.587805,-121.37809
95901,32742,42319,"Marysville","CA",39.15973,-121.53735
95903,1772,33173,"Beale AFB","CA",39.125997,-121.36637
95910,115,37663,"Alleghany","CA",39.465229,-120.84496
95912,4550,50764,"Arbuckle","CA",38.97159,-122.02725
95914,555,25200,"Bangor","CA",39.425854,-121.35852
95915,58,10481,"Belden","CA",39.912222,-120.834958
95916,1291,38636,"Berry Creek","CA",39.661519,-121.38193
95917,3508,44500,"Biggs","CA",39.413477,-121.71162
95918,1805,77583,"Browns Valley","CA",39.282171,-121.34733
95919,1529,45871,"Brownsville","CA",39.453457,-121.26543
95920,417,71063,"Butte City","CA",39.44223,-121.95216
95922,595,24722,"Camptonville","CA",39.469943,-121.07321
95923,12,0,"Canyondam","CA",40.187554,-121.1152
95925,83,0,"Challenge","CA",39.466279,-121.20936
95926,38276,37296,"Chico","CA",39.745973,-121.84259
95928,36081,45906,"Chico","CA",39.720955,-121.81888
95930,72,0,"Clipper Mills","CA",39.563522,-121.13191
95932,7808,46453,"Colusa","CA",39.254875,-122.04572
95934,504,31892,"Crescent Mills","CA",40.074042,-120.93973
95935,594,37461,"Dobbins","CA",39.381883,-121.21763
95936,244,53214,"Downieville","CA",39.567001,-120.8384
95937,1133,56394,"Dunnigan","CA",38.931025,-121.94518
95938,3936,60750,"Durham","CA",39.624259,-121.79152
95939,512,29063,"Elk Creek","CA",39.535446,-122.57667
95941,505,63529,"Forbestown","CA",39.51642,-121.26853
95942,1098,41888,"Forest Ranch","CA",40.044865,-121.59415
95943,805,51908,"Glenn","CA",39.605289,-122.03231
95944,12,0,"Goodyears Bar","CA",39.545514,-120.88512
95945,25223,42778,"Grass Valley","CA",39.202725,-121.02076
95946,10206,62180,"Penn Valley","CA",39.207828,-121.20021
95947,1663,34500,"Greenville","CA",40.144573,-120.88311
95948,10349,44423,"Gridley","CA",39.35217,-121.71129
95949,19640,60459,"Grass Valley","CA",39.13255,-121.0981
95950,724,42273,"Grimes","CA",39.070128,-121.8981
95951,2948,37500,"Hamilton City","CA",39.738889,-122.01675
95953,10631,46392,"Live Oak","CA",39.25209,-121.69439
95954,12535,40545,"Magalia","CA",39.888074,-121.59048
95955,1384,47031,"Maxwell","CA",39.283329,-122.20206
95956,459,56923,"Meadow Valley","CA",39.93935,-121.06047
95957,773,58438,"Meridian","CA",39.070323,-121.83065
95959,17013,58913,"Nevada City","CA",39.299405,-120.95144
95960,974,29250,"North San Juan","CA",39.396152,-121.08227
95961,26979,46441,"Olivehurst","CA",39.089929,-121.55053
95962,1285,59832,"Oregon House","CA",39.355688,-121.2548
95963,15018,39485,"Orland","CA",39.760968,-122.218
95965,20599,35220,"Oroville","CA",39.558586,-121.58923
95966,30916,40775,"Oroville","CA",39.491076,-121.49468
95968,1438,33100,"Palermo","CA",39.434644,-121.55043
95969,27443,41982,"Paradise","CA",39.750422,-121.61026
95970,482,57639,"Princeton","CA",39.415041,-122.02487
95971,5798,51869,"Quincy","CA",39.957324,-120.98366
95973,33511,56541,"Chico","CA",39.793465,-121.87946
95974,0,0,"Richvale","CA",39.496465,-121.74712
95975,2072,57969,"Rough And Ready","CA",39.224179,-121.14539
95977,1887,48500,"Smartville","CA",39.19322,-121.28975
95978,0,0,"Stirling City","CA",39.904478,-121.52805
95979,685,47500,"Stonyford","CA",39.331444,-122.47943
95981,102,0,"Strawberry Valley","CA",39.584801,-121.08762
95982,3251,63816,"Sutter","CA",39.16855,-121.76465
95983,440,26250,"Taylorsville","CA",40.06686,-120.77442
95984,0,0,"Twain","CA",40.017767,-121.05989
95986,17,0,"Washington","CA",39.340422,-120.79166
95987,5979,55355,"Williams","CA",39.139543,-122.20563
95988,8913,48443,"Willows","CA",39.499754,-122.20773
95991,41212,43165,"Yuba City","CA",39.114138,-121.6196
95993,35847,64034,"Yuba City","CA",39.109272,-121.68033
96001,34469,46422,"Redding","CA",40.56816,-122.41519
96002,33202,43657,"Redding","CA",40.539302,-122.33279
96003,44398,46497,"Redding","CA",40.641389,-122.34206
96006,400,65625,"Adin","CA",41.190742,-120.90294
96007,22942,38907,"Anderson","CA",40.45453,-122.31101
96008,1128,53419,"Bella Vista","CA",40.732501,-122.11264
96009,329,56563,"Bieber","CA",41.119727,-121.1362
96010,187,32500,"Big Bar","CA",40.723792,-123.34016
96011,155,18750,"Big Bend","CA",41.027553,-121.91847
96013,3881,38089,"Burney","CA",40.926289,-121.68452
96014,152,57917,"Callahan","CA",41.32211,-122.81535
96015,814,24205,"Canby","CA",41.425912,-120.90316
96016,532,49732,"Cassel","CA",40.929301,-121.55711
96017,234,38438,"Castella","CA",41.109487,-122.33133
96019,10129,40455,"Shasta Lake","CA",40.682393,-122.36824
96020,2246,42433,"Chester","CA",40.289788,-121.23263
96021,16121,39756,"Corning","CA",39.918271,-122.21393
96022,17488,52154,"Cottonwood","CA",40.360583,-122.33544
96023,1339,30710,"Dorris","CA",41.963883,-121.89165
96024,1163,44583,"Douglas City","CA",40.606673,-122.92335
96025,2102,32721,"Dunsmuir","CA",41.221077,-122.28003
96027,2462,43430,"Etna","CA",41.414707,-122.96832
96028,1633,40781,"Fall River Mills","CA",41.056097,-121.49021
96029,165,54688,"Flournoy","CA",39.861821,-122.48014
96031,165,23542,"Forks Of Salmon","CA",41.228397,-123.20187
96032,2339,47625,"Fort Jones","CA",41.615475,-122.87744
96033,526,29306,"French Gulch","CA",40.736679,-122.61121
96034,285,30500,"Gazelle","CA",41.441194,-122.64688
96035,3604,44028,"Gerber","CA",40.039257,-122.16555
96037,220,14688,"Greenview","CA",41.53101,-122.95666
96038,599,38889,"Grenada","CA",41.604392,-122.52666
96039,1206,28750,"Happy Camp","CA",41.82087,-123.43126
96040,229,36429,"Hat Creek","CA",40.788512,-121.47668
96041,2795,26827,"Hayfork","CA",40.524496,-123.18307
96044,1040,37727,"Hornbrook","CA",41.925752,-122.52253
96046,255,29952,"Hyampom","CA",40.639108,-123.47525
96047,775,25662,"Igo","CA",40.472993,-122.63707
96048,977,34191,"Junction City","CA",40.850776,-122.92043
96049,90,12404,"Redding","CA",40.709783,-122.311628
96050,408,34464,"Klamath River","CA",41.831947,-122.9206
96051,1110,45268,"Lakehead","CA",40.939342,-122.42246
96052,1652,32634,"Lewiston","CA",40.743423,-122.81414
96054,294,21875,"Lookout","CA",41.285897,-121.16094
96055,4097,40747,"Los Molinos","CA",40.041399,-122.09793
96056,1407,44348,"Mcarthur","CA",41.114424,-121.332
96057,1332,38500,"Mccloud","CA",41.263103,-122.10297
96058,752,31058,"Macdoel","CA",41.790562,-121.94214
96059,711,36447,"Manton","CA",40.437443,-121.84678
96061,19,78750,"Mill Creek","CA",40.310324,-121.43316
96062,1253,61488,"Millville","CA",40.577799,-122.10148
96063,222,52500,"Mineral","CA",40.371043,-121.58245
96064,4762,42627,"Montague","CA",41.736424,-122.40008
96065,387,36875,"Montgomery Creek","CA",40.876184,-121.88975
96067,6994,46318,"Mount Shasta","CA",41.317771,-122.31207
96068,135,38750,"Nubieber","CA",41.102891,-121.19828
96069,880,36310,"Oak Run","CA",40.705474,-122.021
96071,77,36875,"Old Station","CA",40.646417,-121.4418
96073,4502,81328,"Palo Cedro","CA",40.562648,-122.2255
96074,199,31250,"Paskenta","CA",39.878018,-122.57972
96075,308,20972,"Paynes Creek","CA",40.338253,-121.84025
96076,88,41042,"Platina","CA",40.366349,-122.94566
96080,27650,39288,"Red Bluff","CA",40.183837,-122.24074
96084,530,42619,"Round Mountain","CA",40.871548,-121.98807
96085,50,64219,"Scott Bar","CA",41.734832,-123.07218
96086,379,21838,"Seiad Valley","CA",41.86235,-123.24091
96087,525,27727,"Shasta","CA",40.608728,-122.51427
96088,4099,47440,"Shingletown","CA",40.504853,-121.83501
96090,397,47679,"Tehama","CA",40.024337,-122.12378
96091,578,31917,"Trinity Center","CA",41.004651,-122.71541
96092,277,39013,"Vina","CA",39.941595,-122.03746
96093,4006,44554,"Weaverville","CA",40.734483,-122.93982
96094,6370,41772,"Weed","CA",41.460403,-122.38544
96096,814,58889,"Whitmore","CA",40.63446,-121.91202
96097,9790,28953,"Yreka","CA",41.749249,-122.64479
96101,5260,41016,"Alturas","CA",41.439363,-120.58771
96103,1357,60268,"Blairsden-Graeagle","CA",39.779486,-120.64058
96104,548,29048,"Cedarville","CA",41.527226,-120.13826
96105,165,43971,"Chilcoot","CA",39.862832,-120.17303
96106,275,80313,"Clio","CA",39.743835,-120.58114
96107,1077,52279,"Coleville","CA",38.475853,-119.49014
96108,7,0,"Davis Creek","CA",41.736074,-120.3778
96109,731,29659,"Doyle","CA",40.030098,-120.11304
96110,129,26771,"Eagleville","CA",41.251918,-120.12897
96111,69,34688,"Floriston","CA",39.392752,-120.021212
96112,230,26250,"Fort Bidwell","CA",41.90749,-120.14789
96113,2294,47644,"Herlong","CA",40.158794,-120.18597
96114,3315,69688,"Janesville","CA",40.295652,-120.51775
96115,212,31250,"Lake City","CA",41.688163,-120.23924
96116,162,24625,"Likely","CA",41.268746,-120.42843
96117,244,49063,"Litchfield","CA",40.446122,-120.35776
96118,1590,44250,"Loyalton","CA",39.663256,-120.24835
96119,71,43750,"Madeline","CA",41.021344,-120.52472
96120,1091,61157,"Markleeville","CA",38.76467,-119.85236
96121,249,87596,"Milford","CA",40.169038,-120.37815
96122,4382,34945,"Portola","CA",39.801047,-120.48359
96123,36,33333,"Ravendale","CA",40.800556,-120.36374
96124,366,41522,"Calpine","CA",39.663242,-120.43806
96125,285,109545,"Sierra City","CA",39.598792,-120.63432
96126,133,32500,"Sierraville","CA",39.560357,-120.35662
96128,758,70781,"Standish","CA",40.34863,-120.4065
96129,35,0,"Beckwourth","CA",39.772064,-120.405095
96130,21920,54527,"Susanville","CA",40.474951,-120.67685
96132,103,42500,"Termo","CA",40.921124,-120.62265
96133,160,28261,"Topaz","CA",38.651141,-119.49874
96134,2506,37235,"Tulelake","CA",41.874847,-121.43738
96135,0,0,"Vinton","CA",40.02349,-120.79861
96136,135,135076,"Wendel","CA",40.283378,-120.12859
96137,3606,48950,"Westwood","CA",40.290007,-121.05272
96140,1126,72204,"Carnelian Bay","CA",39.223151,-120.08627
96141,669,57212,"Homewood","CA",39.093271,-120.16325
96142,731,42857,"Tahoma","CA",39.037696,-120.12438
96143,3855,40340,"Kings Beach","CA",39.241961,-120.02809
96145,3215,68887,"Tahoe City","CA",39.177383,-120.14607
96146,823,53250,"Olympic Valley","CA",39.180983,-120.21804
96148,781,52841,"Tahoe Vista","CA",39.243877,-120.05437
96150,28618,47500,"South Lake Tahoe","CA",38.908741,-120.00992
96155,0,0,"South Lake Tahoe","CA",38.844909,-120.042996
96161,18475,75172,"Truckee","CA",39.339574,-120.22805
97635,303,31477,"New Pine Creek","CA",41.924974,-120.28989
